transaction_date,id_tiempo,anio,mes
2024-10-12 03:52:13,1,2024,10
2024-08-18 00:36:57,2,2024,8
2024-08-19 22:21:30,3,2024,8
2025-04-16 18:49:39,4,2025,4
2024-10-06 13:30:52,5,2024,10
2024-07-14 20:02:30,6,2024,7
2025-03-22 14:34:20,7,2025,3
2024-09-28 05:25:30,8,2024,9
2024-09-27 13:10:51,9,2024,9
2024-10-31 01:46:18,10,2024,10
2024-07-22 19:50:55,11,2024,7
2024-12-15 10:38:31,12,2024,12
2024-11-22 17:16:41,13,2024,11
2025-03-19 07:41:56,14,2025,3
2025-01-05 05:50:38,15,2025,1
2025-04-28 01:22:41,16,2025,4
2025-04-29 20:36:09,17,2025,4
2025-07-01 10:20:25,18,2025,7
2024-08-29 21:33:59,19,2024,8
2024-11-25 19:15:27,20,2024,11
2024-07-29 21:12:46,21,2024,7
2025-05-22 13:09:09,22,2025,5
2024-07-25 18:31:44,23,2024,7
2025-01-04 17:22:23,24,2025,1
2025-06-01 04:39:01,25,2025,6
2025-04-10 01:22:46,26,2025,4
2025-05-05 13:12:11,27,2025,5
2024-09-11 21:00:19,28,2024,9
2025-03-11 03:11:15,29,2025,3
2025-04-19 06:59:30,30,2025,4
2025-02-10 09:36:58,31,2025,2
2024-09-08 15:11:04,32,2024,9
2024-09-23 03:02:58,33,2024,9
2025-06-19 01:34:50,34,2025,6
2025-04-09 17:34:54,35,2025,4
2025-04-29 08:48:08,36,2025,4
2025-01-14 01:09:11,37,2025,1
2024-09-09 03:45:30,38,2024,9
2024-08-17 00:37:32,39,2024,8
2024-12-25 06:49:48,40,2024,12
2025-05-31 09:11:40,41,2025,5
2025-01-27 09:47:17,42,2025,1
2024-12-24 07:15:46,43,2024,12
2024-12-16 06:13:44,44,2024,12
2025-03-24 16:53:35,45,2025,3
2025-02-18 22:51:39,46,2025,2
2024-09-17 17:26:46,47,2024,9
2024-12-16 02:42:52,48,2024,12
2025-06-15 05:33:28,49,2025,6
2024-09-03 08:38:33,50,2024,9
2025-03-13 17:14:00,51,2025,3
2024-12-30 22:38:56,52,2024,12
2024-11-18 12:52:41,53,2024,11
2024-08-09 18:43:37,54,2024,8
2025-01-29 13:23:58,55,2025,1
2024-08-17 14:09:32,56,2024,8
2025-05-05 19:19:37,57,2025,5
2024-12-29 11:18:22,58,2024,12
2025-04-23 11:27:10,59,2025,4
2024-09-08 12:56:34,60,2024,9
2025-05-29 22:08:05,61,2025,5
2025-05-25 17:45:53,62,2025,5
2024-12-16 03:36:30,63,2024,12
2025-04-27 01:58:37,64,2025,4
2024-10-09 14:08:49,65,2024,10
2025-01-03 03:07:17,66,2025,1
2025-02-23 11:52:29,67,2025,2
2025-04-21 20:37:22,68,2025,4
2024-07-16 18:41:35,69,2024,7
2024-09-29 08:03:02,70,2024,9
2024-07-21 01:11:34,71,2024,7
2024-10-11 00:03:32,72,2024,10
2025-02-12 00:16:50,73,2025,2
2025-05-09 11:16:08,74,2025,5
2024-10-07 18:22:20,75,2024,10
2025-03-28 20:28:25,76,2025,3
2025-04-05 22:13:38,77,2025,4
2024-08-28 10:45:44,78,2024,8
2024-12-26 05:47:55,79,2024,12
2024-07-15 07:33:22,80,2024,7
2025-01-12 07:02:05,81,2025,1
2024-08-09 01:55:13,82,2024,8
2025-04-10 22:06:45,83,2025,4
2024-09-11 04:28:23,84,2024,9
2025-03-11 06:53:32,85,2025,3
2024-10-01 13:59:08,86,2024,10
2024-11-15 23:08:10,87,2024,11
2025-03-25 18:49:16,88,2025,3
2025-02-26 09:53:35,89,2025,2
2025-03-15 06:08:36,90,2025,3
2025-04-09 11:16:06,91,2025,4
2024-10-21 18:19:24,92,2024,10
2025-03-23 22:02:46,93,2025,3
2025-04-25 00:29:29,94,2025,4
2025-06-10 20:47:44,95,2025,6
2024-09-09 12:21:53,96,2024,9
2025-04-19 08:03:05,97,2025,4
2025-03-31 10:39:34,98,2025,3
2024-11-09 21:52:09,99,2024,11
2024-11-18 23:24:17,100,2024,11
2025-01-24 18:04:53,101,2025,1
2025-06-05 11:40:51,102,2025,6
2024-11-16 14:34:00,103,2024,11
2024-10-10 09:26:47,104,2024,10
2025-02-12 16:28:13,105,2025,2
2025-02-23 08:04:13,106,2025,2
2024-12-09 20:37:37,107,2024,12
2025-02-18 11:31:35,108,2025,2
2025-06-28 11:01:24,109,2025,6
2024-09-05 03:00:18,110,2024,9
2024-09-09 21:43:19,111,2024,9
2025-05-21 03:18:41,112,2025,5
2024-11-15 14:47:25,113,2024,11
2025-04-19 13:48:00,114,2025,4
2025-05-17 00:28:56,115,2025,5
2024-07-25 00:49:51,116,2024,7
2024-08-04 12:56:52,117,2024,8
2025-01-23 16:50:58,118,2025,1
2024-12-03 03:50:22,119,2024,12
2024-10-19 15:03:33,120,2024,10
2024-12-18 14:22:42,121,2024,12
2024-11-03 18:25:02,122,2024,11
2024-12-08 10:02:39,123,2024,12
2025-06-21 22:33:03,124,2025,6
2024-07-05 09:02:32,125,2024,7
2024-08-25 16:31:10,126,2024,8
2025-04-25 14:43:11,127,2025,4
2025-05-12 22:34:25,128,2025,5
2025-02-25 23:24:24,129,2025,2
2024-11-07 05:51:45,130,2024,11
2025-01-27 10:43:45,131,2025,1
2025-01-18 17:29:37,132,2025,1
2025-01-15 08:27:02,133,2025,1
2024-11-22 04:07:59,134,2024,11
2025-01-16 17:45:17,135,2025,1
2024-11-15 23:53:21,136,2024,11
2024-12-20 20:33:10,137,2024,12
2024-09-30 20:29:46,138,2024,9
2024-07-07 04:43:53,139,2024,7
2024-08-03 16:55:32,140,2024,8
2025-05-21 07:37:49,141,2025,5
2024-07-24 14:27:14,142,2024,7
2025-04-20 15:47:29,143,2025,4
2024-07-31 01:59:00,144,2024,7
2024-12-28 10:02:48,145,2024,12
2024-12-20 15:43:05,146,2024,12
2024-10-24 08:47:34,147,2024,10
2024-09-19 04:37:28,148,2024,9
2025-06-26 09:51:54,149,2025,6
2025-05-22 06:38:31,150,2025,5
2025-06-22 15:22:50,151,2025,6
2025-06-26 08:58:05,152,2025,6
2024-07-16 00:22:25,153,2024,7
2025-03-12 02:18:14,154,2025,3
2024-07-19 02:15:16,155,2024,7
2024-11-16 18:52:28,156,2024,11
2025-03-23 11:38:52,157,2025,3
2024-10-04 21:14:43,158,2024,10
2025-03-25 20:32:14,159,2025,3
2024-12-26 23:27:57,160,2024,12
2025-03-11 15:48:52,161,2025,3
2024-12-14 09:25:13,162,2024,12
2025-06-11 03:23:13,163,2025,6
2025-02-26 09:11:27,164,2025,2
2025-01-03 16:26:30,165,2025,1
2024-10-31 18:48:54,166,2024,10
2024-08-12 09:03:44,167,2024,8
2025-03-17 23:38:57,168,2025,3
2024-11-01 17:33:22,169,2024,11
2025-06-17 07:51:29,170,2025,6
2025-02-12 21:26:25,171,2025,2
2024-11-03 17:44:08,172,2024,11
2024-07-16 22:07:18,173,2024,7
2025-03-02 19:24:44,174,2025,3
2025-06-28 17:56:09,175,2025,6
2024-10-16 04:43:29,176,2024,10
2024-08-02 05:08:09,177,2024,8
2024-08-31 12:08:06,178,2024,8
2024-09-04 01:55:37,179,2024,9
2024-10-13 19:22:40,180,2024,10
2024-11-04 11:48:47,181,2024,11
2025-04-11 22:07:51,182,2025,4
2024-09-27 19:36:41,183,2024,9
2025-06-18 17:46:02,184,2025,6
2024-11-05 09:16:46,185,2024,11
2025-01-26 21:10:19,186,2025,1
2025-01-26 00:57:02,187,2025,1
2025-04-07 06:08:30,188,2025,4
2025-04-12 09:25:03,189,2025,4
2024-09-05 20:57:24,190,2024,9
2025-05-11 13:53:31,191,2025,5
2024-07-10 02:16:39,192,2024,7
2025-05-06 17:27:04,193,2025,5
2025-03-26 19:26:36,194,2025,3
2024-12-23 21:48:39,195,2024,12
2025-03-11 15:38:46,196,2025,3
2025-01-23 04:48:45,197,2025,1
2025-03-26 14:56:17,198,2025,3
2025-04-04 15:42:52,199,2025,4
2025-01-18 14:32:48,200,2025,1
2025-06-09 10:44:53,201,2025,6
2025-05-20 21:41:02,202,2025,5
2025-04-26 05:31:17,203,2025,4
2024-07-08 12:19:15,204,2024,7
2025-04-24 17:34:19,205,2025,4
2025-02-23 09:04:20,206,2025,2
2024-09-11 03:14:59,207,2024,9
2024-10-10 10:39:06,208,2024,10
2024-08-22 13:47:40,209,2024,8
2025-04-08 20:38:24,210,2025,4
2024-11-18 09:26:33,211,2024,11
2024-12-04 04:40:38,212,2024,12
2025-01-21 03:48:26,213,2025,1
2025-04-27 22:23:06,214,2025,4
2025-06-05 01:31:26,215,2025,6
2025-01-20 11:30:00,216,2025,1
2025-05-17 22:46:59,217,2025,5
2025-05-12 21:52:08,218,2025,5
2025-04-23 14:07:19,219,2025,4
2025-02-26 15:02:04,220,2025,2
2025-05-30 21:48:43,221,2025,5
2024-12-10 15:31:19,222,2024,12
2024-08-01 13:26:14,223,2024,8
2024-12-20 19:12:35,224,2024,12
2025-02-04 05:28:39,225,2025,2
2024-07-05 11:08:48,226,2024,7
2025-06-22 06:18:58,227,2025,6
2024-12-02 23:23:45,228,2024,12
2024-08-12 07:19:57,229,2024,8
2024-11-25 10:22:01,230,2024,11
2024-10-31 12:41:57,231,2024,10
2025-06-27 05:17:53,232,2025,6
2024-10-08 19:51:36,233,2024,10
2025-02-03 15:56:28,234,2025,2
2025-06-02 11:16:05,235,2025,6
2024-10-05 04:48:37,236,2024,10
2025-04-28 11:57:47,237,2025,4
2024-10-08 05:36:24,238,2024,10
2025-05-14 19:32:24,239,2025,5
2024-12-15 18:42:08,240,2024,12
2024-08-31 15:06:02,241,2024,8
2025-04-20 04:30:21,242,2025,4
2025-02-02 02:13:21,243,2025,2
2024-11-02 08:29:49,244,2024,11
2025-05-16 23:04:11,245,2025,5
2025-05-13 23:20:18,246,2025,5
2025-02-23 12:46:09,247,2025,2
2024-10-15 14:51:37,248,2024,10
2024-12-30 19:15:40,249,2024,12
2024-11-13 17:03:36,250,2024,11
2025-05-23 02:40:11,251,2025,5
2024-08-29 06:15:57,252,2024,8
2024-09-24 18:19:49,253,2024,9
2024-09-19 09:31:06,254,2024,9
2024-10-06 18:48:26,255,2024,10
2024-08-12 03:03:37,256,2024,8
2024-10-08 15:22:41,257,2024,10
2024-10-07 11:13:49,258,2024,10
2025-06-25 04:13:44,259,2025,6
2024-08-27 20:20:40,260,2024,8
2024-09-14 09:40:43,261,2024,9
2024-09-11 11:58:07,262,2024,9
2025-04-02 00:58:38,263,2025,4
2024-11-18 00:26:51,264,2024,11
2024-12-23 17:16:27,265,2024,12
2025-01-09 23:59:56,266,2025,1
2025-02-21 02:56:03,267,2025,2
2024-10-13 04:49:48,268,2024,10
2024-11-13 06:51:49,269,2024,11
2024-08-06 10:23:53,270,2024,8
2024-07-24 19:57:43,271,2024,7
2024-07-27 10:59:47,272,2024,7
2025-01-27 04:03:36,273,2025,1
2024-08-25 17:01:16,274,2024,8
2024-12-09 19:31:24,275,2024,12
2024-09-14 21:02:58,276,2024,9
2024-11-20 14:29:11,277,2024,11
2025-05-13 11:40:38,278,2025,5
2024-12-02 10:07:17,279,2024,12
2024-07-20 23:37:14,280,2024,7
2025-04-14 18:01:46,281,2025,4
2024-07-26 17:35:21,282,2024,7
2025-06-26 23:24:29,283,2025,6
2024-10-25 08:16:15,284,2024,10
2024-07-15 14:04:36,285,2024,7
2025-01-06 00:02:14,286,2025,1
2025-05-01 09:46:17,287,2025,5
2024-12-04 05:26:15,288,2024,12
2025-06-24 18:08:57,289,2025,6
2024-11-08 00:51:30,290,2024,11
2025-04-15 02:01:13,291,2025,4
2025-01-15 07:55:38,292,2025,1
2024-08-31 07:50:31,293,2024,8
2024-11-12 02:08:29,294,2024,11
2024-11-16 00:39:06,295,2024,11
2024-09-25 07:46:14,296,2024,9
2024-08-03 23:34:40,297,2024,8
2024-10-06 02:03:37,298,2024,10
2025-03-01 22:06:18,299,2025,3
2024-12-08 20:44:06,300,2024,12
2025-03-21 02:40:06,301,2025,3
2025-02-01 02:46:52,302,2025,2
2025-05-24 15:23:38,303,2025,5
2024-08-15 00:56:57,304,2024,8
2025-05-20 10:24:08,305,2025,5
2024-09-22 03:33:29,306,2024,9
2025-06-16 02:00:17,307,2025,6
2025-01-08 10:54:52,308,2025,1
2025-05-20 03:36:15,309,2025,5
2024-08-15 07:05:11,310,2024,8
2024-10-06 04:16:12,311,2024,10
2024-09-05 16:29:23,312,2024,9
2025-05-16 10:28:11,313,2025,5
2025-02-01 17:31:48,314,2025,2
2025-04-06 05:17:04,315,2025,4
2025-03-11 00:27:19,316,2025,3
2025-02-06 15:37:58,317,2025,2
2024-08-27 00:18:12,318,2024,8
2024-10-05 05:33:34,319,2024,10
2024-10-12 09:45:24,320,2024,10
2025-05-11 15:50:14,321,2025,5
2025-01-13 00:58:34,322,2025,1
2024-11-01 17:16:49,323,2024,11
2024-11-26 15:47:45,324,2024,11
2025-01-30 04:09:24,325,2025,1
2025-04-29 08:50:34,326,2025,4
2025-04-19 00:31:24,327,2025,4
2025-06-14 19:49:15,328,2025,6
2025-02-13 18:26:23,329,2025,2
2025-03-14 22:11:51,330,2025,3
2024-11-22 08:25:38,331,2024,11
2025-01-09 05:08:46,332,2025,1
2025-02-24 18:09:10,333,2025,2
2024-10-15 06:12:46,334,2024,10
2024-12-20 14:12:13,335,2024,12
2025-06-03 23:37:27,336,2025,6
2024-09-02 11:46:56,337,2024,9
2025-02-07 20:41:51,338,2025,2
2024-08-09 13:58:29,339,2024,8
2024-09-10 13:57:25,340,2024,9
2025-01-06 14:18:04,341,2025,1
2025-04-28 10:03:49,342,2025,4
2024-11-10 12:50:08,343,2024,11
2024-12-02 19:10:24,344,2024,12
2024-08-02 03:06:14,345,2024,8
2024-08-16 13:52:34,346,2024,8
2024-12-05 19:46:53,347,2024,12
2025-05-29 11:31:17,348,2025,5
2024-09-02 23:14:35,349,2024,9
2025-03-12 10:08:34,350,2025,3
2025-03-13 15:38:03,351,2025,3
2024-08-22 13:48:38,352,2024,8
2024-07-20 00:18:59,353,2024,7
2025-04-18 18:38:19,354,2025,4
2024-07-18 09:05:24,355,2024,7
2025-01-05 06:01:17,356,2025,1
2024-08-28 18:36:04,357,2024,8
2024-11-21 20:26:02,358,2024,11
2025-06-26 00:46:32,359,2025,6
2025-05-16 02:01:24,360,2025,5
2024-11-04 07:54:55,361,2024,11
2024-12-24 09:32:52,362,2024,12
2024-10-20 00:39:39,363,2024,10
2024-08-05 05:07:43,364,2024,8
2024-12-16 11:44:59,365,2024,12
2025-04-07 19:36:31,366,2025,4
2024-11-18 13:46:51,367,2024,11
2024-12-04 08:36:43,368,2024,12
2025-03-04 08:34:55,369,2025,3
2024-08-06 05:52:37,370,2024,8
2025-04-21 09:39:46,371,2025,4
2025-03-06 07:19:21,372,2025,3
2025-06-18 11:26:37,373,2025,6
2024-11-29 19:30:10,374,2024,11
2025-02-07 13:07:30,375,2025,2
2025-02-18 15:55:24,376,2025,2
2025-04-19 09:43:52,377,2025,4
2024-11-22 20:10:12,378,2024,11
2025-02-27 22:40:27,379,2025,2
2024-09-05 14:05:45,380,2024,9
2025-04-24 19:31:30,381,2025,4
2024-10-20 07:59:57,382,2024,10
2024-10-31 09:44:43,383,2024,10
2025-06-24 22:52:17,384,2025,6
2024-12-20 07:11:11,385,2024,12
2024-08-18 11:06:18,386,2024,8
2025-03-18 15:19:48,387,2025,3
2024-12-03 14:54:37,388,2024,12
2024-10-10 06:20:13,389,2024,10
2024-10-10 14:10:40,390,2024,10
2024-10-06 06:44:11,391,2024,10
2024-12-06 11:52:10,392,2024,12
2025-03-25 13:29:18,393,2025,3
2024-07-29 17:02:24,394,2024,7
2025-04-03 10:14:50,395,2025,4
2024-10-14 03:03:52,396,2024,10
2024-09-01 21:52:16,397,2024,9
2025-06-15 14:03:52,398,2025,6
2024-12-27 19:05:11,399,2024,12
2025-05-09 18:57:16,400,2025,5
2025-01-19 07:46:26,401,2025,1
2024-08-07 10:36:52,402,2024,8
2025-05-19 08:06:04,403,2025,5
2024-08-02 17:21:39,404,2024,8
2025-04-10 01:02:58,405,2025,4
2025-03-05 18:44:21,406,2025,3
2025-05-30 13:01:11,407,2025,5
2024-08-25 22:40:18,408,2024,8
2024-08-09 12:38:08,409,2024,8
2024-10-03 22:00:07,410,2024,10
2025-02-10 20:24:23,411,2025,2
2024-09-13 15:48:42,412,2024,9
2024-10-17 06:27:29,413,2024,10
2024-08-28 03:43:38,414,2024,8
2024-09-12 01:29:48,415,2024,9
2025-01-13 10:24:38,416,2025,1
2024-09-07 08:09:01,417,2024,9
2024-12-06 05:57:47,418,2024,12
2025-03-16 21:40:38,419,2025,3
2024-08-28 05:12:57,420,2024,8
2025-05-05 15:14:24,421,2025,5
2025-02-04 00:21:36,422,2025,2
2025-03-14 20:42:04,423,2025,3
2025-05-12 07:14:14,424,2025,5
2024-08-25 21:56:21,425,2024,8
2025-06-20 09:15:20,426,2025,6
2025-05-25 10:56:18,427,2025,5
2025-05-08 10:40:25,428,2025,5
2025-02-03 23:12:16,429,2025,2
2024-08-10 03:31:58,430,2024,8
2025-05-07 14:11:35,431,2025,5
2024-09-28 07:12:36,432,2024,9
2024-08-20 04:00:36,433,2024,8
2025-03-25 22:55:36,434,2025,3
2025-03-20 13:26:32,435,2025,3
2025-04-25 11:35:57,436,2025,4
2025-05-16 16:19:16,437,2025,5
2024-07-15 04:30:45,438,2024,7
2025-01-20 05:16:02,439,2025,1
2024-09-08 14:52:39,440,2024,9
2025-05-19 11:21:15,441,2025,5
2024-12-02 15:46:51,442,2024,12
2025-07-02 22:15:46,443,2025,7
2024-10-29 16:54:09,444,2024,10
2025-01-10 07:21:54,445,2025,1
2024-12-28 11:08:03,446,2024,12
2025-05-10 03:58:48,447,2025,5
2025-07-01 17:22:08,448,2025,7
2025-01-11 00:09:03,449,2025,1
2024-10-01 11:11:18,450,2024,10
2025-04-22 00:08:42,451,2025,4
2024-12-31 18:55:36,452,2024,12
2024-10-27 05:13:50,453,2024,10
2024-09-07 08:26:48,454,2024,9
2025-05-16 12:28:53,455,2025,5
2025-06-09 14:30:49,456,2025,6
2024-10-01 00:22:23,457,2024,10
2024-09-11 16:35:31,458,2024,9
2024-12-21 13:42:06,459,2024,12
2025-07-02 01:27:05,460,2025,7
2024-08-18 11:08:32,461,2024,8
2025-05-26 01:17:29,462,2025,5
2025-01-18 22:32:11,463,2025,1
2025-03-29 23:11:53,464,2025,3
2025-04-07 21:00:51,465,2025,4
2024-12-02 10:01:18,466,2024,12
2024-07-17 00:26:27,467,2024,7
2024-10-05 13:51:08,468,2024,10
2025-02-06 09:53:11,469,2025,2
2024-10-19 09:42:35,470,2024,10
2025-05-04 10:29:35,471,2025,5
2024-11-11 23:05:57,472,2024,11
2025-01-06 19:09:52,473,2025,1
2024-11-20 04:34:43,474,2024,11
2025-05-02 08:18:21,475,2025,5
2024-12-22 02:00:28,476,2024,12
2025-04-12 17:13:45,477,2025,4
2025-05-31 15:59:44,478,2025,5
2024-11-26 11:55:04,479,2024,11
2024-07-09 03:33:49,480,2024,7
2025-06-13 14:55:55,481,2025,6
2025-02-09 01:17:25,482,2025,2
2025-06-02 21:17:29,483,2025,6
2025-01-27 18:46:22,484,2025,1
2025-05-01 05:11:56,485,2025,5
2025-04-24 17:49:51,486,2025,4
2025-06-20 03:55:37,487,2025,6
2025-01-13 07:14:54,488,2025,1
2024-10-10 16:21:11,489,2024,10
2025-03-18 19:48:42,490,2025,3
2024-11-14 10:37:24,491,2024,11
2024-08-15 00:13:10,492,2024,8
2025-06-25 23:50:50,493,2025,6
2025-06-22 21:08:18,494,2025,6
2025-04-16 18:32:15,495,2025,4
2025-04-13 21:25:08,496,2025,4
2024-07-13 21:04:09,497,2024,7
2025-04-17 02:07:55,498,2025,4
2024-11-16 14:47:12,499,2024,11
2025-05-07 14:07:31,500,2025,5
2025-07-03 04:19:48,501,2025,7
2024-10-16 16:23:42,502,2024,10
2025-06-06 02:32:36,503,2025,6
2024-09-29 09:52:56,504,2024,9
2025-02-28 13:35:50,505,2025,2
2024-07-18 01:54:33,506,2024,7
2024-08-16 17:26:43,507,2024,8
2025-04-08 00:50:54,508,2025,4
2025-01-20 19:11:35,509,2025,1
2025-02-19 02:43:36,510,2025,2
2025-05-17 01:53:05,511,2025,5
2024-12-07 01:13:15,512,2024,12
2024-09-20 01:54:03,513,2024,9
2024-08-14 00:24:42,514,2024,8
2025-03-17 00:30:14,515,2025,3
2024-08-30 14:28:15,516,2024,8
2025-03-17 01:51:14,517,2025,3
2025-01-27 01:20:12,518,2025,1
2024-10-09 06:12:52,519,2024,10
2025-06-15 01:54:06,520,2025,6
2024-07-09 09:25:26,521,2024,7
2025-05-31 07:45:29,522,2025,5
2025-03-31 07:42:21,523,2025,3
2024-12-02 23:58:07,524,2024,12
2025-05-08 13:59:08,525,2025,5
2025-04-26 05:28:45,526,2025,4
2025-01-30 22:20:07,527,2025,1
2025-06-17 05:22:18,528,2025,6
2024-10-22 07:53:15,529,2024,10
2025-01-13 08:35:24,530,2025,1
2025-03-06 06:10:12,531,2025,3
2024-10-31 02:13:00,532,2024,10
2025-05-19 08:34:15,533,2025,5
2024-09-12 21:43:43,534,2024,9
2024-09-01 23:28:35,535,2024,9
2025-02-03 09:04:21,536,2025,2
2025-05-01 11:42:16,537,2025,5
2025-01-31 13:31:34,538,2025,1
2025-04-24 18:55:22,539,2025,4
2024-10-28 19:29:17,540,2024,10
2025-05-16 19:26:48,541,2025,5
2025-06-19 22:11:11,542,2025,6
2025-01-29 07:41:09,543,2025,1
2024-08-28 15:25:37,544,2024,8
2025-01-21 12:30:41,545,2025,1
2024-10-15 02:13:25,546,2024,10
2024-09-26 05:00:11,547,2024,9
2025-06-26 04:42:43,548,2025,6
2025-02-08 14:12:03,549,2025,2
2024-11-01 10:19:18,550,2024,11
2025-04-29 02:05:09,551,2025,4
2024-11-22 00:58:55,552,2024,11
2025-05-17 11:41:54,553,2025,5
2024-08-29 00:51:56,554,2024,8
2025-04-26 03:49:26,555,2025,4
2024-12-22 18:58:27,556,2024,12
2025-02-08 05:27:08,557,2025,2
2025-01-10 14:42:40,558,2025,1
2024-08-02 19:24:33,559,2024,8
2025-01-22 14:34:58,560,2025,1
2024-09-04 07:41:50,561,2024,9
2024-08-18 09:46:03,562,2024,8
2025-04-16 12:56:42,563,2025,4
2025-03-01 14:10:19,564,2025,3
2025-02-17 13:55:30,565,2025,2
2025-02-05 14:48:13,566,2025,2
2025-05-27 11:50:42,567,2025,5
2025-03-29 18:59:55,568,2025,3
2024-08-28 06:07:48,569,2024,8
2025-05-04 21:57:35,570,2025,5
2024-12-18 20:40:53,571,2024,12
2024-08-26 05:29:18,572,2024,8
2025-05-28 09:13:49,573,2025,5
2024-08-09 04:24:59,574,2024,8
2024-08-30 11:11:28,575,2024,8
2024-09-24 09:59:33,576,2024,9
2025-01-21 06:02:17,577,2025,1
2025-06-26 08:52:33,578,2025,6
2024-07-21 12:46:20,579,2024,7
2024-11-23 04:08:45,580,2024,11
2025-07-01 04:30:00,581,2025,7
2024-12-28 12:52:21,582,2024,12
2025-01-18 21:04:18,583,2025,1
2025-02-22 10:26:08,584,2025,2
2024-08-09 14:42:47,585,2024,8
2024-10-02 02:28:21,586,2024,10
2025-03-16 02:30:34,587,2025,3
2024-11-15 14:21:07,588,2024,11
2024-08-05 13:45:24,589,2024,8
2024-07-09 20:48:07,590,2024,7
2024-11-13 10:15:57,591,2024,11
2025-05-23 01:14:15,592,2025,5
2025-05-11 19:22:11,593,2025,5
2024-07-14 20:24:12,594,2024,7
2025-05-08 20:20:14,595,2025,5
2024-08-15 12:52:06,596,2024,8
2025-01-12 04:45:41,597,2025,1
2025-05-29 23:23:21,598,2025,5
2024-10-20 20:52:48,599,2024,10
2024-09-21 03:31:34,600,2024,9
2025-06-02 23:02:04,601,2025,6
2025-01-02 16:12:30,602,2025,1
2025-05-23 00:38:47,603,2025,5
2025-06-26 20:19:31,604,2025,6
2025-03-11 03:19:20,605,2025,3
2025-03-10 03:47:48,606,2025,3
2024-09-13 07:44:15,607,2024,9
2024-12-22 03:32:45,608,2024,12
2025-05-24 19:53:40,609,2025,5
2024-11-02 07:43:35,610,2024,11
2024-07-05 20:54:05,611,2024,7
2024-08-02 00:20:42,612,2024,8
2025-03-23 17:26:07,613,2025,3
2024-08-19 05:15:28,614,2024,8
2024-08-10 02:40:52,615,2024,8
2025-05-24 17:37:57,616,2025,5
2025-01-28 19:47:43,617,2025,1
2024-08-21 01:40:56,618,2024,8
2025-07-04 10:11:35,619,2025,7
2024-08-12 14:38:49,620,2024,8
2024-08-17 03:58:15,621,2024,8
2024-09-01 07:34:47,622,2024,9
2024-11-14 10:33:26,623,2024,11
2025-03-30 08:48:27,624,2025,3
2025-03-20 04:13:52,625,2025,3
2025-06-26 10:39:06,626,2025,6
2024-11-18 23:03:12,627,2024,11
2024-08-01 10:32:20,628,2024,8
2025-01-21 09:31:01,629,2025,1
2025-02-05 22:10:06,630,2025,2
2024-08-23 22:57:21,631,2024,8
2024-09-03 10:20:47,632,2024,9
2025-01-14 01:15:36,633,2025,1
2025-02-01 11:14:10,634,2025,2
2024-10-30 06:33:12,635,2024,10
2024-10-24 09:58:47,636,2024,10
2025-03-29 08:40:48,637,2025,3
2024-11-06 13:30:30,638,2024,11
2024-10-29 17:19:46,639,2024,10
2025-06-10 18:59:14,640,2025,6
2025-06-09 06:35:11,641,2025,6
2024-12-23 16:42:13,642,2024,12
2024-11-14 16:58:24,643,2024,11
2024-11-02 09:27:48,644,2024,11
2025-04-18 23:51:28,645,2025,4
2024-12-30 07:55:00,646,2024,12
2025-03-30 10:39:15,647,2025,3
2024-09-10 16:58:11,648,2024,9
2024-08-20 01:38:27,649,2024,8
2025-04-02 10:47:37,650,2025,4
2025-02-18 00:28:17,651,2025,2
2025-03-26 11:03:32,652,2025,3
2025-06-16 03:17:11,653,2025,6
2024-08-18 20:26:23,654,2024,8
2024-07-22 17:51:33,655,2024,7
2024-10-22 06:36:33,656,2024,10
2024-12-21 22:49:27,657,2024,12
2024-08-10 07:56:23,658,2024,8
2024-12-12 00:55:03,659,2024,12
2025-07-01 14:21:36,660,2025,7
2024-12-29 00:01:23,661,2024,12
2024-10-30 07:11:07,662,2024,10
2025-05-05 04:10:18,663,2025,5
2025-03-12 00:40:14,664,2025,3
2024-07-18 17:57:45,665,2024,7
2024-07-31 11:11:13,666,2024,7
2025-03-07 06:31:43,667,2025,3
2025-03-04 16:57:30,668,2025,3
2025-02-17 04:11:44,669,2025,2
2024-07-09 21:58:03,670,2024,7
2025-06-28 21:48:41,671,2025,6
2025-01-10 23:43:33,672,2025,1
2024-08-07 01:04:40,673,2024,8
2025-02-13 08:19:54,674,2025,2
2024-09-14 11:45:48,675,2024,9
2024-08-11 06:17:40,676,2024,8
2024-10-15 14:42:00,677,2024,10
2025-06-13 09:54:11,678,2025,6
2024-12-27 11:41:50,679,2024,12
2024-11-07 04:47:05,680,2024,11
2025-04-08 09:08:29,681,2025,4
2024-09-03 05:52:52,682,2024,9
2024-09-30 14:17:30,683,2024,9
2025-01-22 16:49:25,684,2025,1
2024-12-26 11:53:48,685,2024,12
2025-06-15 16:17:10,686,2025,6
2025-04-20 08:02:15,687,2025,4
2024-11-22 19:22:30,688,2024,11
2025-01-31 04:41:04,689,2025,1
2025-04-08 09:35:07,690,2025,4
2024-12-27 09:23:19,691,2024,12
2024-12-21 22:30:36,692,2024,12
2025-02-05 00:13:36,693,2025,2
2025-01-13 09:48:10,694,2025,1
2025-03-05 23:21:10,695,2025,3
2025-02-28 15:35:19,696,2025,2
2024-07-13 09:16:05,697,2024,7
2024-10-08 20:18:14,698,2024,10
2025-06-07 01:30:11,699,2025,6
2024-12-02 19:55:57,700,2024,12
2025-04-03 19:39:11,701,2025,4
2024-11-16 13:33:51,702,2024,11
2025-01-24 12:51:58,703,2025,1
2025-07-01 23:21:28,704,2025,7
2024-08-09 11:34:14,705,2024,8
2024-11-19 04:06:10,706,2024,11
2025-06-14 18:54:48,707,2025,6
2024-12-17 12:50:05,708,2024,12
2025-06-04 08:33:57,709,2025,6
2024-08-05 07:09:41,710,2024,8
2025-04-05 00:29:09,711,2025,4
2025-06-09 20:29:56,712,2025,6
2024-10-15 08:16:56,713,2024,10
2024-10-19 08:07:15,714,2024,10
2024-11-23 11:08:10,715,2024,11
2025-02-24 02:28:20,716,2025,2
2025-05-20 10:32:44,717,2025,5
2024-12-10 09:36:04,718,2024,12
2025-03-20 03:45:21,719,2025,3
2025-04-13 00:00:21,720,2025,4
2024-11-14 19:05:32,721,2024,11
2024-11-05 20:57:38,722,2024,11
2024-11-20 12:35:52,723,2024,11
2024-11-18 13:28:32,724,2024,11
2024-12-22 10:24:09,725,2024,12
2024-07-25 15:14:12,726,2024,7
2025-05-07 01:26:49,727,2025,5
2025-01-20 18:10:21,728,2025,1
2025-01-17 07:01:12,729,2025,1
2024-12-02 13:54:51,730,2024,12
2024-07-20 18:48:40,731,2024,7
2024-11-01 03:55:39,732,2024,11
2025-03-29 14:43:47,733,2025,3
2024-12-06 07:58:23,734,2024,12
2024-08-17 05:43:21,735,2024,8
2024-07-28 12:50:55,736,2024,7
2025-01-28 11:54:48,737,2025,1
2024-07-07 16:19:01,738,2024,7
2024-12-11 14:43:41,739,2024,12
2024-08-10 12:20:02,740,2024,8
2025-01-03 02:40:25,741,2025,1
2024-10-24 01:32:42,742,2024,10
2025-02-09 06:04:06,743,2025,2
2024-08-19 11:54:06,744,2024,8
2025-04-10 20:39:13,745,2025,4
2025-02-08 13:00:18,746,2025,2
2025-03-06 04:38:25,747,2025,3
2025-05-11 07:50:33,748,2025,5
2024-09-01 20:16:04,749,2024,9
2024-07-23 14:38:57,750,2024,7
2025-02-09 18:05:27,751,2025,2
2024-09-26 12:49:01,752,2024,9
2025-02-02 17:58:48,753,2025,2
2024-12-04 11:51:19,754,2024,12
2025-05-10 07:45:20,755,2025,5
2024-08-12 19:13:34,756,2024,8
2024-12-11 08:38:15,757,2024,12
2025-06-25 09:32:35,758,2025,6
2025-04-20 15:04:11,759,2025,4
2024-12-16 10:59:17,760,2024,12
2025-02-13 02:24:50,761,2025,2
2024-10-29 23:58:19,762,2024,10
2025-03-11 14:55:43,763,2025,3
2025-02-19 09:01:14,764,2025,2
2024-09-15 08:47:48,765,2024,9
2024-08-12 19:55:59,766,2024,8
2025-02-02 03:08:56,767,2025,2
2024-11-02 00:36:19,768,2024,11
2025-02-15 02:07:12,769,2025,2
2025-05-08 22:44:07,770,2025,5
2025-06-17 16:28:57,771,2025,6
2024-11-25 12:20:27,772,2024,11
2025-05-16 06:49:43,773,2025,5
2025-01-14 09:26:22,774,2025,1
2024-12-02 01:56:24,775,2024,12
2024-12-23 01:45:25,776,2024,12
2025-01-05 06:12:03,777,2025,1
2025-05-06 13:55:20,778,2025,5
2025-03-25 17:28:52,779,2025,3
2025-01-06 02:04:42,780,2025,1
2025-04-24 15:46:17,781,2025,4
2024-12-21 16:37:12,782,2024,12
2024-09-20 16:26:19,783,2024,9
2024-09-12 22:06:31,784,2024,9
2025-04-11 00:51:54,785,2025,4
2024-12-31 01:54:37,786,2024,12
2024-10-18 08:09:04,787,2024,10
2025-01-24 11:19:50,788,2025,1
2024-08-23 17:52:04,789,2024,8
2025-02-07 00:23:39,790,2025,2
2025-03-08 13:54:32,791,2025,3
2024-08-08 13:17:55,792,2024,8
2025-01-23 13:02:07,793,2025,1
2024-07-19 16:56:26,794,2024,7
2024-10-27 13:29:01,795,2024,10
2025-02-27 16:41:01,796,2025,2
2024-08-28 02:48:49,797,2024,8
2024-09-06 10:06:33,798,2024,9
2025-01-22 22:41:29,799,2025,1
2025-02-08 12:32:17,800,2025,2
2024-12-31 22:40:05,801,2024,12
2025-06-14 09:40:51,802,2025,6
2024-10-01 01:46:06,803,2024,10
2024-07-17 14:12:40,804,2024,7
2025-06-07 22:33:45,805,2025,6
2024-09-03 18:43:41,806,2024,9
2025-07-03 05:50:43,807,2025,7
2024-07-16 07:05:25,808,2024,7
2025-06-08 13:18:57,809,2025,6
2024-12-08 01:13:54,810,2024,12
2024-07-26 17:01:07,811,2024,7
2025-06-10 07:39:21,812,2025,6
2025-01-29 15:25:02,813,2025,1
2024-08-04 04:32:05,814,2024,8
2024-10-29 12:57:02,815,2024,10
2025-04-09 03:44:46,816,2025,4
2025-01-20 11:30:52,817,2025,1
2025-01-13 19:04:38,818,2025,1
2024-12-24 06:48:45,819,2024,12
2025-06-10 00:59:19,820,2025,6
2025-04-06 16:15:30,821,2025,4
2024-10-12 13:21:37,822,2024,10
2024-08-25 10:17:46,823,2024,8
2025-06-02 19:06:04,824,2025,6
2025-07-01 05:21:00,825,2025,7
2024-10-22 15:55:02,826,2024,10
2025-02-24 22:53:31,827,2025,2
2025-05-07 03:06:27,828,2025,5
2024-11-23 15:37:57,829,2024,11
2024-08-05 18:21:18,830,2024,8
2024-08-14 16:43:28,831,2024,8
2025-01-07 06:32:32,832,2025,1
2024-08-29 07:21:44,833,2024,8
2024-12-06 10:46:31,834,2024,12
2024-10-06 06:41:51,835,2024,10
2025-04-08 00:42:00,836,2025,4
2024-12-03 22:58:27,837,2024,12
2024-10-17 02:55:22,838,2024,10
2025-05-27 03:19:51,839,2025,5
2025-02-11 10:32:02,840,2025,2
2025-02-13 00:30:40,841,2025,2
2025-02-10 13:59:17,842,2025,2
2025-01-11 22:04:25,843,2025,1
2024-08-23 02:35:13,844,2024,8
2025-05-18 11:58:00,845,2025,5
2024-10-12 16:41:10,846,2024,10
2025-06-18 14:55:57,847,2025,6
2025-04-30 05:51:18,848,2025,4
2025-02-28 08:22:41,849,2025,2
2024-09-22 20:46:33,850,2024,9
2024-09-25 02:11:45,851,2024,9
2025-02-07 08:21:40,852,2025,2
2025-06-22 08:28:40,853,2025,6
2024-08-13 06:38:09,854,2024,8
2025-02-19 17:22:00,855,2025,2
2024-08-03 21:07:00,856,2024,8
2025-02-25 19:53:11,857,2025,2
2024-11-24 03:35:30,858,2024,11
2024-07-12 17:36:14,859,2024,7
2024-07-17 03:16:45,860,2024,7
2025-05-31 17:32:27,861,2025,5
2024-11-10 19:43:42,862,2024,11
2024-12-12 19:41:39,863,2024,12
2024-09-27 08:14:08,864,2024,9
2024-10-23 22:41:21,865,2024,10
2024-11-04 17:01:53,866,2024,11
2025-03-24 12:44:11,867,2025,3
2024-07-13 16:29:29,868,2024,7
2024-08-14 01:34:49,869,2024,8
2025-05-25 05:40:20,870,2025,5
2024-08-03 13:07:16,871,2024,8
2025-06-03 15:29:39,872,2025,6
2025-01-25 20:21:00,873,2025,1
2024-08-26 01:16:58,874,2024,8
2025-05-12 10:25:49,875,2025,5
2025-04-02 22:24:47,876,2025,4
2025-05-06 00:07:07,877,2025,5
2025-04-26 18:43:49,878,2025,4
2025-06-04 00:21:36,879,2025,6
2024-10-14 16:17:36,880,2024,10
2024-10-10 05:32:35,881,2024,10
2025-06-17 04:36:32,882,2025,6
2024-09-28 02:33:20,883,2024,9
2025-01-18 00:38:56,884,2025,1
2024-12-19 21:14:04,885,2024,12
2025-04-02 08:06:08,886,2025,4
2024-10-22 18:27:33,887,2024,10
2025-04-09 09:44:57,888,2025,4
2024-10-17 00:34:55,889,2024,10
2025-04-08 11:23:52,890,2025,4
2024-10-22 05:26:05,891,2024,10
2025-04-05 20:50:32,892,2025,4
2025-06-14 01:20:11,893,2025,6
2025-06-21 11:20:29,894,2025,6
2024-09-19 17:56:22,895,2024,9
2024-08-19 11:22:55,896,2024,8
2024-12-11 16:06:52,897,2024,12
2025-03-22 17:28:50,898,2025,3
2024-12-22 12:52:38,899,2024,12
2024-11-11 23:52:03,900,2024,11
2025-01-22 09:15:23,901,2025,1
2025-03-31 03:57:06,902,2025,3
2024-11-27 21:14:23,903,2024,11
2025-05-09 22:17:51,904,2025,5
2024-08-13 14:10:04,905,2024,8
2025-01-11 22:32:49,906,2025,1
2024-10-17 23:02:38,907,2024,10
2024-07-10 14:18:18,908,2024,7
2025-04-25 06:40:33,909,2025,4
2024-12-14 23:49:39,910,2024,12
2024-08-26 15:13:40,911,2024,8
2025-04-06 16:36:31,912,2025,4
2024-12-03 06:27:32,913,2024,12
2024-07-24 04:05:29,914,2024,7
2024-12-01 04:14:44,915,2024,12
2025-04-10 15:57:17,916,2025,4
2024-11-22 00:05:46,917,2024,11
2024-07-22 22:47:14,918,2024,7
2024-12-05 14:12:31,919,2024,12
2025-04-30 16:36:31,920,2025,4
2024-10-07 13:31:44,921,2024,10
2025-06-03 20:14:55,922,2025,6
2025-05-15 14:14:22,923,2025,5
2024-09-23 10:48:44,924,2024,9
2025-05-25 05:20:27,925,2025,5
2024-07-24 07:24:00,926,2024,7
2024-12-08 21:28:19,927,2024,12
2024-09-10 12:53:25,928,2024,9
2024-09-15 02:27:24,929,2024,9
2025-04-04 18:27:02,930,2025,4
2024-10-13 06:59:52,931,2024,10
2025-02-06 08:59:34,932,2025,2
2025-06-01 12:37:41,933,2025,6
2025-05-04 09:32:31,934,2025,5
2025-02-23 07:57:12,935,2025,2
2025-04-11 19:04:12,936,2025,4
2024-12-13 15:24:14,937,2024,12
2025-02-19 23:10:21,938,2025,2
2025-06-10 15:53:03,939,2025,6
2025-01-08 18:45:16,940,2025,1
2024-09-07 14:44:02,941,2024,9
2025-02-14 06:33:22,942,2025,2
2025-01-16 04:10:10,943,2025,1
2025-02-15 11:03:13,944,2025,2
2025-02-14 13:47:39,945,2025,2
2024-09-26 15:25:59,946,2024,9
2024-07-20 10:36:43,947,2024,7
2025-06-15 09:19:18,948,2025,6
2025-03-16 22:41:11,949,2025,3
2024-11-27 05:25:23,950,2024,11
2024-10-22 23:27:23,951,2024,10
2024-07-09 23:29:09,952,2024,7
2024-12-09 12:48:12,953,2024,12
2025-06-01 22:45:39,954,2025,6
2025-06-09 06:54:06,955,2025,6
2025-03-22 08:03:48,956,2025,3
2024-11-15 19:01:24,957,2024,11
2025-01-11 22:51:41,958,2025,1
2024-09-12 10:15:05,959,2024,9
2024-11-23 19:18:59,960,2024,11
2024-09-10 14:29:36,961,2024,9
2025-03-06 03:53:17,962,2025,3
2024-11-25 01:40:21,963,2024,11
2025-06-29 22:43:09,964,2025,6
2025-02-21 08:41:30,965,2025,2
2024-12-01 00:56:46,966,2024,12
2025-01-25 17:13:35,967,2025,1
2024-09-29 06:02:55,968,2024,9
2024-07-26 13:58:13,969,2024,7
2025-05-31 19:47:05,970,2025,5
2024-07-12 20:16:36,971,2024,7
2025-06-24 02:52:38,972,2025,6
2024-07-07 22:10:58,973,2024,7
2024-11-03 17:25:36,974,2024,11
2024-12-27 00:59:39,975,2024,12
2025-02-07 06:30:29,976,2025,2
2024-07-07 05:05:19,977,2024,7
2024-12-11 02:07:33,978,2024,12
2024-09-13 19:45:12,979,2024,9
2024-07-26 06:28:03,980,2024,7
2025-02-22 12:05:50,981,2025,2
2024-07-07 02:29:09,982,2024,7
2025-01-18 19:25:45,983,2025,1
2024-08-26 08:28:37,984,2024,8
2024-12-25 10:15:13,985,2024,12
2025-06-01 17:22:28,986,2025,6
2025-06-03 14:36:25,987,2025,6
2024-09-27 05:59:49,988,2024,9
2025-06-22 05:50:08,989,2025,6
2024-08-04 18:38:15,990,2024,8
2024-11-27 11:35:16,991,2024,11
2024-10-15 08:27:07,992,2024,10
2024-08-22 05:27:01,993,2024,8
2024-11-29 05:13:44,994,2024,11
2024-10-08 22:08:22,995,2024,10
2024-08-13 05:13:13,996,2024,8
2025-05-06 00:48:45,997,2025,5
2024-07-08 06:45:34,998,2024,7
2025-02-18 04:53:57,999,2025,2
2024-09-12 03:25:55,1000,2024,9
2025-01-11 00:45:13,1001,2025,1
2024-11-24 20:26:05,1002,2024,11
2024-07-22 05:49:40,1003,2024,7
2025-04-25 14:44:41,1004,2025,4
2025-05-30 15:25:25,1005,2025,5
2024-07-11 18:01:15,1006,2024,7
2025-02-13 02:15:32,1007,2025,2
2024-11-23 16:36:24,1008,2024,11
2025-02-25 12:17:20,1009,2025,2
2024-07-17 04:13:00,1010,2024,7
2024-09-02 18:01:36,1011,2024,9
2025-04-02 03:48:52,1012,2025,4
2024-08-12 05:22:00,1013,2024,8
2025-01-22 08:06:21,1014,2025,1
2025-04-08 11:11:41,1015,2025,4
2024-11-26 11:20:46,1016,2024,11
2025-06-02 00:31:32,1017,2025,6
2024-10-07 13:30:50,1018,2024,10
2025-01-04 02:26:37,1019,2025,1
2025-03-04 05:45:29,1020,2025,3
2025-02-20 18:21:56,1021,2025,2
2025-07-03 08:21:58,1022,2025,7
2024-07-10 15:52:11,1023,2024,7
2025-05-18 02:38:56,1024,2025,5
2024-08-29 14:56:58,1025,2024,8
2025-03-03 04:12:01,1026,2025,3
2024-12-25 20:54:24,1027,2024,12
2025-04-19 11:16:41,1028,2025,4
2024-07-06 15:13:37,1029,2024,7
2025-03-25 20:18:27,1030,2025,3
2025-03-29 15:28:44,1031,2025,3
2024-07-08 11:34:05,1032,2024,7
2024-11-07 12:49:31,1033,2024,11
2025-01-03 14:32:07,1034,2025,1
2024-08-13 05:20:11,1035,2024,8
2025-04-16 16:52:38,1036,2025,4
2024-09-11 14:22:23,1037,2024,9
2025-04-07 15:56:16,1038,2025,4
2025-05-13 07:05:42,1039,2025,5
2025-03-01 12:50:17,1040,2025,3
2025-02-16 18:03:07,1041,2025,2
2024-09-30 23:26:31,1042,2024,9
2024-11-18 07:15:28,1043,2024,11
2024-11-22 22:03:16,1044,2024,11
2025-05-28 03:00:53,1045,2025,5
2025-04-20 04:23:13,1046,2025,4
2025-03-13 01:30:41,1047,2025,3
2024-07-13 23:33:50,1048,2024,7
2024-12-10 07:19:50,1049,2024,12
2025-01-30 07:38:47,1050,2025,1
2024-08-19 08:09:03,1051,2024,8
2025-01-04 07:24:22,1052,2025,1
2025-01-13 13:55:15,1053,2025,1
2024-10-01 10:51:47,1054,2024,10
2025-06-01 05:02:06,1055,2025,6
2024-11-16 21:42:18,1056,2024,11
2025-01-07 08:11:35,1057,2025,1
2025-05-23 10:21:05,1058,2025,5
2024-09-27 22:23:17,1059,2024,9
2024-08-28 18:07:56,1060,2024,8
2024-07-13 21:14:47,1061,2024,7
2024-07-13 00:03:24,1062,2024,7
2024-12-14 06:59:51,1063,2024,12
2024-11-11 12:27:56,1064,2024,11
2025-01-17 06:32:13,1065,2025,1
2025-04-18 02:33:33,1066,2025,4
2025-06-02 02:06:55,1067,2025,6
2025-05-09 18:07:25,1068,2025,5
2024-11-10 00:49:23,1069,2024,11
2025-06-12 07:43:17,1070,2025,6
2025-03-10 18:03:55,1071,2025,3
2024-08-13 20:44:30,1072,2024,8
2024-07-07 16:45:28,1073,2024,7
2025-03-23 19:59:36,1074,2025,3
2024-07-20 05:29:48,1075,2024,7
2024-12-06 05:53:36,1076,2024,12
2025-03-01 05:46:00,1077,2025,3
2024-09-24 00:09:19,1078,2024,9
2025-05-28 00:22:09,1079,2025,5
2024-08-11 22:15:07,1080,2024,8
2024-09-30 09:40:22,1081,2024,9
2024-08-21 04:54:37,1082,2024,8
2025-06-22 04:22:49,1083,2025,6
2025-03-26 16:51:23,1084,2025,3
2024-09-22 00:58:01,1085,2024,9
2025-04-13 19:02:07,1086,2025,4
2024-12-12 05:56:32,1087,2024,12
2024-10-24 11:16:55,1088,2024,10
2025-01-08 14:16:17,1089,2025,1
2024-09-22 21:33:38,1090,2024,9
2024-08-29 19:16:32,1091,2024,8
2024-10-12 16:40:11,1092,2024,10
2025-04-23 06:18:06,1093,2025,4
2024-10-20 00:42:57,1094,2024,10
2025-01-03 06:38:22,1095,2025,1
2024-07-30 03:42:45,1096,2024,7
2024-10-24 16:54:16,1097,2024,10
2024-09-20 11:26:37,1098,2024,9
2024-12-10 06:19:15,1099,2024,12
2024-09-01 08:29:09,1100,2024,9
2024-10-03 09:43:55,1101,2024,10
2025-03-28 21:09:23,1102,2025,3
2024-07-16 18:19:30,1103,2024,7
2024-09-16 18:47:48,1104,2024,9
2024-08-26 00:01:12,1105,2024,8
2025-01-28 23:28:58,1106,2025,1
2025-06-23 19:05:27,1107,2025,6
2024-09-30 23:24:38,1108,2024,9
2024-11-20 02:18:45,1109,2024,11
2025-05-13 14:22:32,1110,2025,5
2025-01-21 23:37:05,1111,2025,1
2025-04-23 10:30:39,1112,2025,4
2025-03-14 02:36:13,1113,2025,3
2024-08-13 09:06:40,1114,2024,8
2025-03-22 03:32:12,1115,2025,3
2025-04-05 21:51:27,1116,2025,4
2024-11-15 17:32:16,1117,2024,11
2025-05-11 04:50:26,1118,2025,5
2024-10-10 13:35:06,1119,2024,10
2024-07-28 04:27:06,1120,2024,7
2024-11-21 21:23:29,1121,2024,11
2024-08-13 19:53:13,1122,2024,8
2025-06-12 14:35:57,1123,2025,6
2025-01-29 19:34:17,1124,2025,1
2025-06-25 07:30:52,1125,2025,6
2025-04-18 04:25:17,1126,2025,4
2025-05-10 08:10:42,1127,2025,5
2025-06-20 23:23:09,1128,2025,6
2025-02-19 16:15:47,1129,2025,2
2024-12-11 05:24:33,1130,2024,12
2025-02-02 17:44:54,1131,2025,2
2025-01-20 05:49:28,1132,2025,1
2025-04-21 14:29:59,1133,2025,4
2024-07-21 08:41:43,1134,2024,7
2024-12-09 17:06:40,1135,2024,12
2025-06-14 01:57:00,1136,2025,6
2024-10-23 21:36:20,1137,2024,10
2025-07-01 18:48:28,1138,2025,7
2024-12-11 06:54:36,1139,2024,12
2024-09-06 15:08:57,1140,2024,9
2024-08-06 06:49:54,1141,2024,8
2025-04-30 19:58:14,1142,2025,4
2025-01-08 17:24:58,1143,2025,1
2024-11-25 07:44:11,1144,2024,11
2025-04-17 02:38:12,1145,2025,4
2024-12-29 08:40:08,1146,2024,12
2024-12-30 12:33:32,1147,2024,12
2024-07-17 00:04:34,1148,2024,7
2025-02-02 23:12:18,1149,2025,2
2024-10-09 13:19:46,1150,2024,10
2025-02-13 10:49:53,1151,2025,2
2025-02-21 13:43:00,1152,2025,2
2025-01-08 11:56:53,1153,2025,1
2024-10-26 07:57:17,1154,2024,10
2025-06-08 03:38:44,1155,2025,6
2024-09-09 23:53:03,1156,2024,9
2024-08-22 08:12:28,1157,2024,8
2025-06-23 20:41:43,1158,2025,6
2024-11-05 08:08:37,1159,2024,11
2024-11-13 23:14:28,1160,2024,11
2025-02-26 19:43:18,1161,2025,2
2025-04-05 06:09:47,1162,2025,4
2025-01-03 01:48:52,1163,2025,1
2025-02-20 05:10:49,1164,2025,2
2024-08-09 06:42:01,1165,2024,8
2024-10-11 11:04:01,1166,2024,10
2025-05-04 09:22:21,1167,2025,5
2025-02-11 19:17:47,1168,2025,2
2025-04-29 12:26:31,1169,2025,4
2025-06-23 10:44:48,1170,2025,6
2025-03-25 01:23:21,1171,2025,3
2024-09-03 21:35:13,1172,2024,9
2024-11-11 00:16:49,1173,2024,11
2025-02-15 19:45:02,1174,2025,2
2025-01-11 21:50:24,1175,2025,1
2025-04-11 09:27:07,1176,2025,4
2025-06-09 18:32:41,1177,2025,6
2025-03-24 16:57:40,1178,2025,3
2025-03-29 00:30:18,1179,2025,3
2025-02-26 15:59:59,1180,2025,2
2025-06-05 11:06:48,1181,2025,6
2024-12-11 13:47:03,1182,2024,12
2025-06-09 01:32:49,1183,2025,6
2025-01-31 12:41:13,1184,2025,1
2024-10-08 06:00:37,1185,2024,10
2025-04-26 09:46:03,1186,2025,4
2025-05-02 13:40:44,1187,2025,5
2024-07-27 04:43:58,1188,2024,7
2025-01-10 23:30:24,1189,2025,1
2025-02-20 17:09:54,1190,2025,2
2024-11-11 05:19:01,1191,2024,11
2025-03-15 00:54:02,1192,2025,3
2024-12-15 02:50:55,1193,2024,12
2024-12-25 09:46:21,1194,2024,12
2025-04-05 09:43:03,1195,2025,4
2025-01-30 10:14:04,1196,2025,1
2025-06-27 05:52:31,1197,2025,6
2025-04-26 05:04:29,1198,2025,4
2025-03-04 07:10:28,1199,2025,3
2025-03-01 12:07:24,1200,2025,3
2024-09-23 20:21:13,1201,2024,9
2024-07-15 01:15:53,1202,2024,7
2024-09-02 03:30:14,1203,2024,9
2025-02-09 22:02:48,1204,2025,2
2024-12-27 03:51:10,1205,2024,12
2025-01-31 02:09:04,1206,2025,1
2024-12-26 20:19:36,1207,2024,12
2025-05-13 10:35:02,1208,2025,5
2025-03-23 01:06:10,1209,2025,3
2025-01-04 21:27:58,1210,2025,1
2025-03-10 10:16:32,1211,2025,3
2025-04-05 06:32:06,1212,2025,4
2024-12-12 14:58:38,1213,2024,12
2024-12-22 14:56:50,1214,2024,12
2025-04-01 04:36:34,1215,2025,4
2025-03-23 13:18:45,1216,2025,3
2025-06-29 11:33:45,1217,2025,6
2025-06-12 20:21:17,1218,2025,6
2024-07-14 00:15:39,1219,2024,7
2024-11-24 11:24:58,1220,2024,11
2024-07-11 17:15:12,1221,2024,7
2024-09-01 14:13:52,1222,2024,9
2024-12-18 20:05:21,1223,2024,12
2025-04-24 17:18:44,1224,2025,4
2024-11-19 20:06:25,1225,2024,11
2024-10-03 09:02:11,1226,2024,10
2025-01-01 23:42:29,1227,2025,1
2025-06-14 04:52:23,1228,2025,6
2025-03-09 12:57:46,1229,2025,3
2025-03-15 04:21:15,1230,2025,3
2025-04-25 07:09:22,1231,2025,4
2024-09-24 23:30:48,1232,2024,9
2024-11-24 04:46:12,1233,2024,11
2024-12-02 03:41:07,1234,2024,12
2025-04-29 10:06:07,1235,2025,4
2025-02-01 09:56:58,1236,2025,2
2025-02-12 13:51:23,1237,2025,2
2025-02-19 08:03:25,1238,2025,2
2024-11-07 23:51:50,1239,2024,11
2025-03-21 21:04:42,1240,2025,3
2024-09-18 01:35:20,1241,2024,9
2024-10-19 10:49:13,1242,2024,10
2024-09-25 12:19:59,1243,2024,9
2025-01-29 17:55:31,1244,2025,1
2025-05-14 20:55:38,1245,2025,5
2024-08-26 02:14:58,1246,2024,8
2024-08-12 10:07:11,1247,2024,8
2025-01-03 19:20:49,1248,2025,1
2024-12-14 14:49:18,1249,2024,12
2024-07-10 02:53:37,1250,2024,7
2025-05-29 16:04:06,1251,2025,5
2024-07-29 19:23:57,1252,2024,7
2024-09-01 00:31:20,1253,2024,9
2024-12-31 10:43:41,1254,2024,12
2024-07-09 03:59:37,1255,2024,7
2025-01-28 20:59:49,1256,2025,1
2024-11-19 00:20:18,1257,2024,11
2025-03-16 13:28:04,1258,2025,3
2025-01-21 22:42:37,1259,2025,1
2024-08-23 11:29:42,1260,2024,8
2024-11-06 19:08:16,1261,2024,11
2025-06-26 13:44:03,1262,2025,6
2025-03-19 16:34:34,1263,2025,3
2025-04-21 05:41:05,1264,2025,4
2024-09-11 19:43:49,1265,2024,9
2024-10-15 21:30:26,1266,2024,10
2025-04-04 04:06:08,1267,2025,4
2024-07-27 05:58:38,1268,2024,7
2024-11-23 06:37:24,1269,2024,11
2025-03-14 08:32:26,1270,2025,3
2024-09-05 09:51:28,1271,2024,9
2024-10-11 01:03:26,1272,2024,10
2025-06-06 15:13:32,1273,2025,6
2024-10-03 02:57:08,1274,2024,10
2024-10-30 13:55:35,1275,2024,10
2025-04-15 13:57:38,1276,2025,4
2025-01-16 19:57:02,1277,2025,1
2024-08-04 09:06:19,1278,2024,8
2024-09-26 13:59:48,1279,2024,9
2025-03-03 01:42:10,1280,2025,3
2025-02-11 13:25:38,1281,2025,2
2024-09-10 09:23:20,1282,2024,9
2025-05-27 10:20:43,1283,2025,5
2025-02-19 21:30:11,1284,2025,2
2025-03-18 07:49:32,1285,2025,3
2024-07-20 05:10:39,1286,2024,7
2024-07-14 16:17:26,1287,2024,7
2024-10-09 04:00:34,1288,2024,10
2024-12-22 09:28:39,1289,2024,12
2024-07-17 12:25:35,1290,2024,7
2024-07-27 19:25:35,1291,2024,7
2024-11-10 17:50:41,1292,2024,11
2024-12-26 08:29:26,1293,2024,12
2025-06-12 06:00:50,1294,2025,6
2025-06-29 18:51:11,1295,2025,6
2024-08-07 08:46:03,1296,2024,8
2025-01-20 16:56:36,1297,2025,1
2024-09-15 05:09:05,1298,2024,9
2025-05-31 22:32:15,1299,2025,5
2024-11-06 16:31:36,1300,2024,11
2024-11-06 03:52:59,1301,2024,11
2025-07-02 03:06:19,1302,2025,7
2025-06-10 21:01:16,1303,2025,6
2025-02-18 16:29:27,1304,2025,2
2024-09-23 06:25:02,1305,2024,9
2025-06-02 20:12:34,1306,2025,6
2025-05-31 01:03:24,1307,2025,5
2024-10-23 02:29:23,1308,2024,10
2024-08-01 13:10:53,1309,2024,8
2024-12-25 08:49:05,1310,2024,12
2025-01-21 06:39:56,1311,2025,1
2025-03-12 01:53:30,1312,2025,3
2025-04-24 07:39:33,1313,2025,4
2025-03-08 02:27:20,1314,2025,3
2024-12-23 00:57:29,1315,2024,12
2024-09-24 19:28:02,1316,2024,9
2025-06-11 12:25:02,1317,2025,6
2024-11-17 20:16:23,1318,2024,11
2024-11-02 22:33:08,1319,2024,11
2025-05-15 08:36:58,1320,2025,5
2025-02-28 23:03:09,1321,2025,2
2024-11-22 02:34:58,1322,2024,11
2024-09-02 14:34:48,1323,2024,9
2024-07-09 13:44:33,1324,2024,7
2024-07-27 14:00:57,1325,2024,7
2024-09-19 10:33:12,1326,2024,9
2024-09-16 09:53:01,1327,2024,9
2025-03-23 08:47:20,1328,2025,3
2025-04-23 14:04:45,1329,2025,4
2024-12-13 10:54:33,1330,2024,12
2024-08-07 23:17:22,1331,2024,8
2025-03-03 06:24:03,1332,2025,3
2025-03-12 03:55:41,1333,2025,3
2025-04-17 21:11:46,1334,2025,4
2024-09-25 03:51:07,1335,2024,9
2025-02-21 20:22:54,1336,2025,2
2025-04-16 19:25:33,1337,2025,4
2024-08-28 16:25:11,1338,2024,8
2024-07-09 19:53:12,1339,2024,7
2024-10-01 20:57:25,1340,2024,10
2025-02-06 04:04:39,1341,2025,2
2025-06-04 16:17:20,1342,2025,6
2025-01-23 20:04:22,1343,2025,1
2025-01-11 20:49:12,1344,2025,1
2025-02-11 19:11:56,1345,2025,2
2024-11-16 04:48:24,1346,2024,11
2025-03-20 15:33:13,1347,2025,3
2024-12-01 23:13:36,1348,2024,12
2024-07-29 09:43:21,1349,2024,7
2025-02-15 05:37:07,1350,2025,2
2024-07-21 15:32:44,1351,2024,7
2024-12-13 20:32:00,1352,2024,12
2025-06-27 05:39:47,1353,2025,6
2025-06-05 05:04:33,1354,2025,6
2024-09-14 21:31:10,1355,2024,9
2025-06-24 09:02:57,1356,2025,6
2025-01-21 05:41:54,1357,2025,1
2024-11-06 01:41:21,1358,2024,11
2025-01-16 08:52:49,1359,2025,1
2025-01-20 11:59:04,1360,2025,1
2025-04-14 16:11:37,1361,2025,4
2025-06-17 04:45:52,1362,2025,6
2024-08-18 18:45:50,1363,2024,8
2024-12-11 14:41:30,1364,2024,12
2025-04-03 10:59:53,1365,2025,4
2025-04-05 08:57:22,1366,2025,4
2024-11-24 16:58:49,1367,2024,11
2024-07-11 05:48:29,1368,2024,7
2024-09-17 11:17:50,1369,2024,9
2024-07-06 23:02:37,1370,2024,7
2025-06-21 23:16:07,1371,2025,6
2025-06-10 14:04:51,1372,2025,6
2025-06-28 14:35:37,1373,2025,6
2025-01-22 19:08:17,1374,2025,1
2025-02-24 14:51:45,1375,2025,2
2024-12-30 19:47:15,1376,2024,12
2025-03-01 03:19:46,1377,2025,3
2024-10-28 18:39:20,1378,2024,10
2024-09-09 20:34:09,1379,2024,9
2024-12-26 09:24:36,1380,2024,12
2024-08-05 15:44:02,1381,2024,8
2025-02-01 14:47:40,1382,2025,2
2024-08-16 05:08:35,1383,2024,8
2025-01-01 17:29:19,1384,2025,1
2025-04-21 08:04:38,1385,2025,4
2024-12-16 16:02:13,1386,2024,12
2024-09-12 03:04:58,1387,2024,9
2024-09-14 01:47:55,1388,2024,9
2025-01-17 04:19:01,1389,2025,1
2024-11-11 03:06:16,1390,2024,11
2025-02-07 01:07:54,1391,2025,2
2024-07-07 05:54:05,1392,2024,7
2025-01-29 11:58:48,1393,2025,1
2025-04-30 14:42:15,1394,2025,4
2025-02-19 19:39:55,1395,2025,2
2025-01-30 08:42:18,1396,2025,1
2025-03-05 22:15:24,1397,2025,3
2024-12-12 03:57:31,1398,2024,12
2025-03-27 15:09:41,1399,2025,3
2024-11-29 05:45:48,1400,2024,11
2024-09-08 23:01:43,1401,2024,9
2024-10-14 09:12:23,1402,2024,10
2024-11-26 01:07:31,1403,2024,11
2024-12-21 02:04:09,1404,2024,12
2025-06-15 10:17:57,1405,2025,6
2024-09-09 02:28:13,1406,2024,9
2024-11-24 09:09:50,1407,2024,11
2024-09-02 16:29:45,1408,2024,9
2024-09-27 08:02:30,1409,2024,9
2024-12-02 21:26:16,1410,2024,12
2024-08-06 11:10:08,1411,2024,8
2025-02-03 08:52:52,1412,2025,2
2025-01-09 14:03:41,1413,2025,1
2025-06-20 13:25:43,1414,2025,6
2024-08-11 03:59:24,1415,2024,8
2025-06-08 07:36:04,1416,2025,6
2025-02-09 16:41:22,1417,2025,2
2024-07-25 11:11:11,1418,2024,7
2025-05-25 09:43:41,1419,2025,5
2025-03-31 21:20:14,1420,2025,3
2025-03-27 09:44:30,1421,2025,3
2024-10-09 17:26:04,1422,2024,10
2024-08-16 15:23:04,1423,2024,8
2024-08-11 13:26:31,1424,2024,8
2025-04-29 13:12:38,1425,2025,4
2025-03-29 08:47:46,1426,2025,3
2024-08-22 05:04:20,1427,2024,8
2025-02-21 15:59:20,1428,2025,2
2024-11-03 19:06:04,1429,2024,11
2024-11-10 14:59:54,1430,2024,11
2024-10-18 07:33:45,1431,2024,10
2025-05-31 10:48:55,1432,2025,5
2024-12-29 21:36:21,1433,2024,12
2025-04-02 00:30:45,1434,2025,4
2025-03-29 18:17:03,1435,2025,3
2024-07-05 22:15:13,1436,2024,7
2024-12-25 20:37:13,1437,2024,12
2025-07-02 23:03:52,1438,2025,7
2024-09-01 10:16:47,1439,2024,9
2024-11-09 06:59:15,1440,2024,11
2024-07-25 17:30:33,1441,2024,7
2024-12-12 11:03:05,1442,2024,12
2024-12-04 03:56:04,1443,2024,12
2024-12-15 15:45:10,1444,2024,12
2025-06-18 10:31:47,1445,2025,6
2024-10-01 19:20:10,1446,2024,10
2025-01-29 08:01:16,1447,2025,1
2025-01-14 12:50:56,1448,2025,1
2025-05-12 00:50:51,1449,2025,5
2025-01-01 04:39:25,1450,2025,1
2024-10-09 11:12:48,1451,2024,10
2024-07-24 08:47:32,1452,2024,7
2025-04-21 12:12:22,1453,2025,4
2024-09-18 07:11:46,1454,2024,9
2024-08-11 20:26:33,1455,2024,8
2024-07-31 00:28:21,1456,2024,7
2024-11-22 02:10:20,1457,2024,11
2024-11-11 11:26:20,1458,2024,11
2024-12-26 23:29:49,1459,2024,12
2024-09-22 14:13:55,1460,2024,9
2025-01-21 07:41:09,1461,2025,1
2024-12-17 22:16:08,1462,2024,12
2024-09-24 22:56:46,1463,2024,9
2025-01-09 15:14:18,1464,2025,1
2024-09-27 18:31:42,1465,2024,9
2025-03-06 05:38:35,1466,2025,3
2024-07-17 13:45:27,1467,2024,7
2024-08-25 09:40:35,1468,2024,8
2024-07-12 01:34:24,1469,2024,7
2024-10-09 02:26:09,1470,2024,10
2025-05-19 17:42:48,1471,2025,5
2024-10-21 05:06:12,1472,2024,10
2025-05-12 13:14:51,1473,2025,5
2025-06-12 13:22:32,1474,2025,6
2025-05-13 08:43:14,1475,2025,5
2024-10-21 07:03:10,1476,2024,10
2024-12-19 10:23:14,1477,2024,12
2025-05-23 10:41:08,1478,2025,5
2025-06-12 00:20:24,1479,2025,6
2024-11-27 21:48:49,1480,2024,11
2025-04-27 22:27:18,1481,2025,4
2025-06-01 18:03:16,1482,2025,6
2025-02-09 18:08:19,1483,2025,2
2025-05-27 16:29:14,1484,2025,5
2025-02-06 11:21:34,1485,2025,2
2025-02-21 11:46:45,1486,2025,2
2025-01-02 17:15:05,1487,2025,1
2025-05-14 17:21:34,1488,2025,5
2024-09-05 12:20:15,1489,2024,9
2025-05-06 04:11:50,1490,2025,5
2024-08-01 17:10:24,1491,2024,8
2024-10-27 08:08:38,1492,2024,10
2025-05-02 16:15:24,1493,2025,5
2025-06-08 06:49:49,1494,2025,6
2024-12-15 13:10:24,1495,2024,12
2024-10-15 12:50:06,1496,2024,10
2024-09-16 14:27:17,1497,2024,9
2024-11-29 19:17:14,1498,2024,11
2025-02-06 02:04:25,1499,2025,2
2025-06-13 22:08:30,1500,2025,6
2024-12-10 06:53:16,1501,2024,12
2024-09-30 18:23:30,1502,2024,9
2025-06-29 09:21:44,1503,2025,6
2025-06-30 06:29:29,1504,2025,6
2025-05-25 23:32:01,1505,2025,5
2025-04-03 13:28:16,1506,2025,4
2024-08-16 11:08:46,1507,2024,8
2025-03-09 03:34:20,1508,2025,3
2025-05-01 17:23:47,1509,2025,5
2025-01-03 16:03:36,1510,2025,1
2024-07-18 07:01:52,1511,2024,7
2025-05-26 09:34:32,1512,2025,5
2024-12-06 11:39:06,1513,2024,12
2024-07-14 20:47:15,1514,2024,7
2025-01-08 12:31:02,1515,2025,1
2024-11-30 03:58:36,1516,2024,11
2024-11-11 14:23:57,1517,2024,11
2025-01-15 03:51:52,1518,2025,1
2024-08-22 15:04:08,1519,2024,8
2024-08-02 15:38:39,1520,2024,8
2024-10-06 05:42:54,1521,2024,10
2025-06-16 11:24:52,1522,2025,6
2024-12-26 02:35:31,1523,2024,12
2025-06-14 18:33:22,1524,2025,6
2025-05-19 17:22:44,1525,2025,5
2025-03-06 21:51:33,1526,2025,3
2025-04-20 10:59:00,1527,2025,4
2025-05-20 19:15:28,1528,2025,5
2025-06-20 13:23:29,1529,2025,6
2024-08-25 17:00:29,1530,2024,8
2025-04-23 05:40:14,1531,2025,4
2024-08-11 06:31:55,1532,2024,8
2024-11-15 18:29:44,1533,2024,11
2024-08-09 13:12:40,1534,2024,8
2025-06-30 23:13:18,1535,2025,6
2025-02-02 11:22:19,1536,2025,2
2024-12-22 15:46:15,1537,2024,12
2025-05-19 22:26:55,1538,2025,5
2024-12-02 01:45:18,1539,2024,12
2024-10-19 21:45:46,1540,2024,10
2024-07-25 11:16:24,1541,2024,7
2025-01-26 07:35:49,1542,2025,1
2025-03-13 04:00:21,1543,2025,3
2024-11-14 08:05:27,1544,2024,11
2024-08-25 07:24:40,1545,2024,8
2024-12-28 14:12:45,1546,2024,12
2024-07-29 04:44:42,1547,2024,7
2024-11-30 00:47:29,1548,2024,11
2025-01-03 07:43:15,1549,2025,1
2025-03-08 23:15:56,1550,2025,3
2025-01-05 15:34:50,1551,2025,1
2024-09-25 23:56:33,1552,2024,9
2025-01-06 16:43:20,1553,2025,1
2025-06-28 05:38:48,1554,2025,6
2024-10-22 14:14:48,1555,2024,10
2025-03-03 16:09:17,1556,2025,3
2025-06-20 08:06:15,1557,2025,6
2025-06-25 18:09:25,1558,2025,6
2024-09-11 06:05:08,1559,2024,9
2025-02-06 13:58:26,1560,2025,2
2025-01-13 15:25:47,1561,2025,1
2024-10-15 13:20:02,1562,2024,10
2025-04-10 15:08:52,1563,2025,4
2024-08-12 04:00:30,1564,2024,8
2025-03-07 07:07:10,1565,2025,3
2024-08-25 21:29:21,1566,2024,8
2025-01-14 05:58:37,1567,2025,1
2025-07-04 05:41:55,1568,2025,7
2024-12-29 20:31:05,1569,2024,12
2024-10-29 21:10:28,1570,2024,10
2025-04-13 10:50:58,1571,2025,4
2024-09-08 00:05:24,1572,2024,9
2025-01-04 03:55:22,1573,2025,1
2024-09-07 03:56:26,1574,2024,9
2025-05-23 10:33:56,1575,2025,5
2025-05-26 05:12:20,1576,2025,5
2024-09-27 02:33:24,1577,2024,9
2025-01-21 12:41:12,1578,2025,1
2025-02-28 16:08:05,1579,2025,2
2025-03-19 07:49:49,1580,2025,3
2025-01-08 15:05:28,1581,2025,1
2024-08-07 02:37:10,1582,2024,8
2024-12-16 01:26:19,1583,2024,12
2024-12-19 15:57:26,1584,2024,12
2025-05-28 13:57:02,1585,2025,5
2025-01-05 12:09:17,1586,2025,1
2025-05-18 20:23:22,1587,2025,5
2025-04-05 08:22:27,1588,2025,4
2025-05-10 09:52:37,1589,2025,5
2025-06-17 20:08:05,1590,2025,6
2025-03-25 04:11:50,1591,2025,3
2025-01-26 11:16:14,1592,2025,1
2024-11-09 06:32:39,1593,2024,11
2024-10-23 09:56:42,1594,2024,10
2025-03-11 18:31:34,1595,2025,3
2024-07-21 20:53:59,1596,2024,7
2024-10-03 15:07:09,1597,2024,10
2025-05-22 20:36:33,1598,2025,5
2024-09-21 08:30:50,1599,2024,9
2024-12-28 04:25:53,1600,2024,12
2025-04-20 04:39:25,1601,2025,4
2025-02-26 03:46:38,1602,2025,2
2025-06-06 02:02:37,1603,2025,6
2024-08-25 21:19:07,1604,2024,8
2025-02-21 08:10:48,1605,2025,2
2024-09-03 01:55:40,1606,2024,9
2025-06-18 06:15:31,1607,2025,6
2024-11-07 07:00:49,1608,2024,11
2024-09-11 12:06:38,1609,2024,9
2024-12-30 05:06:58,1610,2024,12
2025-02-10 20:37:48,1611,2025,2
2025-03-01 03:01:50,1612,2025,3
2025-06-21 18:33:30,1613,2025,6
2024-09-18 07:04:00,1614,2024,9
2025-06-14 18:00:04,1615,2025,6
2024-09-09 02:47:06,1616,2024,9
2024-09-16 18:32:36,1617,2024,9
2024-11-16 07:40:13,1618,2024,11
2025-05-04 20:16:59,1619,2025,5
2024-07-23 00:30:03,1620,2024,7
2024-10-25 19:00:46,1621,2024,10
2025-03-11 04:35:33,1622,2025,3
2025-04-26 11:47:07,1623,2025,4
2025-02-01 03:40:26,1624,2025,2
2024-10-25 07:23:04,1625,2024,10
2024-12-24 11:59:00,1626,2024,12
2024-09-10 09:28:03,1627,2024,9
2024-09-22 04:18:18,1628,2024,9
2025-02-01 00:04:14,1629,2025,2
2024-12-18 07:02:53,1630,2024,12
2025-03-31 08:20:01,1631,2025,3
2025-06-26 15:23:58,1632,2025,6
2025-03-30 21:01:12,1633,2025,3
2025-05-06 20:31:10,1634,2025,5
2025-01-21 02:26:43,1635,2025,1
2024-07-11 05:53:33,1636,2024,7
2024-11-09 14:34:22,1637,2024,11
2025-03-17 17:22:10,1638,2025,3
2024-11-21 11:17:36,1639,2024,11
2025-07-04 03:17:52,1640,2025,7
2025-01-16 11:28:40,1641,2025,1
2024-07-15 03:52:07,1642,2024,7
2024-10-31 18:09:43,1643,2024,10
2024-08-06 22:49:48,1644,2024,8
2025-01-21 21:32:35,1645,2025,1
2025-01-02 09:47:01,1646,2025,1
2024-10-27 17:36:25,1647,2024,10
2024-10-09 02:35:15,1648,2024,10
2024-10-22 02:30:27,1649,2024,10
2024-12-06 14:50:53,1650,2024,12
2025-01-25 21:08:15,1651,2025,1
2025-02-28 13:09:38,1652,2025,2
2025-05-25 07:42:17,1653,2025,5
2025-07-03 15:21:20,1654,2025,7
2024-08-27 10:24:59,1655,2024,8
2025-04-04 13:09:15,1656,2025,4
2024-09-03 18:50:28,1657,2024,9
2025-05-27 02:46:40,1658,2025,5
2025-07-04 10:14:52,1659,2025,7
2024-08-08 23:25:23,1660,2024,8
2024-11-27 06:48:58,1661,2024,11
2025-04-18 06:04:26,1662,2025,4
2024-09-22 17:08:52,1663,2024,9
2025-01-12 16:33:49,1664,2025,1
2024-12-18 02:21:35,1665,2024,12
2025-07-04 07:24:10,1666,2025,7
2024-07-23 19:01:18,1667,2024,7
2024-08-08 00:26:17,1668,2024,8
2025-06-09 15:26:55,1669,2025,6
2024-11-14 00:20:47,1670,2024,11
2025-05-29 08:25:14,1671,2025,5
2025-05-27 04:05:52,1672,2025,5
2025-05-30 21:26:57,1673,2025,5
2025-01-19 15:25:17,1674,2025,1
2024-11-05 23:05:58,1675,2024,11
2025-06-28 11:37:31,1676,2025,6
2025-01-28 06:48:40,1677,2025,1
2024-10-15 04:29:33,1678,2024,10
2024-10-06 00:36:26,1679,2024,10
2024-09-05 09:02:13,1680,2024,9
2025-02-12 08:03:23,1681,2025,2
2025-05-21 23:30:13,1682,2025,5
2025-04-05 05:14:10,1683,2025,4
2024-09-16 07:45:14,1684,2024,9
2024-11-06 18:50:23,1685,2024,11
2025-04-14 04:36:04,1686,2025,4
2025-02-18 00:38:15,1687,2025,2
2025-05-17 04:24:12,1688,2025,5
2025-06-03 21:07:23,1689,2025,6
2024-07-12 23:59:00,1690,2024,7
2025-02-13 10:29:55,1691,2025,2
2025-07-04 09:53:15,1692,2025,7
2025-04-15 09:39:23,1693,2025,4
2025-01-06 23:07:56,1694,2025,1
2024-09-28 05:34:04,1695,2024,9
2024-11-13 21:30:04,1696,2024,11
2024-10-15 01:55:26,1697,2024,10
2024-12-23 05:45:02,1698,2024,12
2025-04-02 03:19:55,1699,2025,4
2025-05-18 01:42:22,1700,2025,5
2025-02-05 19:25:01,1701,2025,2
2025-02-04 06:35:53,1702,2025,2
2025-05-09 21:20:59,1703,2025,5
2024-11-24 08:57:52,1704,2024,11
2025-02-23 20:04:36,1705,2025,2
2024-10-09 18:14:04,1706,2024,10
2024-12-02 08:41:23,1707,2024,12
2024-11-28 15:46:57,1708,2024,11
2025-01-12 18:16:49,1709,2025,1
2025-02-20 19:24:30,1710,2025,2
2025-03-18 20:24:35,1711,2025,3
2024-11-02 14:41:10,1712,2024,11
2024-09-25 19:16:27,1713,2024,9
2024-08-15 07:26:25,1714,2024,8
2025-06-14 09:12:11,1715,2025,6
2024-12-09 15:08:46,1716,2024,12
2025-02-01 16:05:06,1717,2025,2
2024-09-24 06:22:05,1718,2024,9
2024-07-20 20:59:54,1719,2024,7
2024-12-21 05:01:54,1720,2024,12
2025-04-18 16:16:14,1721,2025,4
2024-08-10 11:01:21,1722,2024,8
2025-03-16 23:38:41,1723,2025,3
2025-06-03 10:13:05,1724,2025,6
2024-12-12 22:10:46,1725,2024,12
2024-12-31 11:42:47,1726,2024,12
2024-09-02 21:04:25,1727,2024,9
2024-08-09 16:26:10,1728,2024,8
2025-06-11 16:28:08,1729,2025,6
2024-08-03 19:09:47,1730,2024,8
2024-09-30 00:40:00,1731,2024,9
2024-11-11 11:58:37,1732,2024,11
2024-09-19 08:46:13,1733,2024,9
2024-10-25 16:07:14,1734,2024,10
2024-11-24 15:05:48,1735,2024,11
2025-02-25 08:41:03,1736,2025,2
2024-07-25 00:53:24,1737,2024,7
2025-03-27 01:13:26,1738,2025,3
2025-05-16 10:55:26,1739,2025,5
2025-03-26 19:18:20,1740,2025,3
2025-02-07 22:46:29,1741,2025,2
2025-05-15 04:34:16,1742,2025,5
2024-08-17 02:45:28,1743,2024,8
2025-04-20 10:27:34,1744,2025,4
2025-02-22 12:01:39,1745,2025,2
2025-04-28 12:53:29,1746,2025,4
2024-12-22 22:07:33,1747,2024,12
2024-07-15 10:06:08,1748,2024,7
2025-06-24 02:36:32,1749,2025,6
2024-09-02 13:45:37,1750,2024,9
2024-09-13 05:20:03,1751,2024,9
2024-07-05 03:57:04,1752,2024,7
2025-04-27 12:03:00,1753,2025,4
2024-09-10 22:36:29,1754,2024,9
2025-02-03 07:46:42,1755,2025,2
2024-11-27 23:46:49,1756,2024,11
2025-01-17 20:35:17,1757,2025,1
2024-12-06 04:23:15,1758,2024,12
2025-05-08 10:54:23,1759,2025,5
2024-09-13 05:05:30,1760,2024,9
2025-04-22 17:07:10,1761,2025,4
2024-10-07 19:09:39,1762,2024,10
2025-01-08 09:10:53,1763,2025,1
2025-04-24 01:55:33,1764,2025,4
2024-10-09 21:37:21,1765,2024,10
2024-10-28 09:24:43,1766,2024,10
2025-02-16 23:22:05,1767,2025,2
2025-06-30 06:50:01,1768,2025,6
2025-02-23 17:00:28,1769,2025,2
2024-10-21 13:53:11,1770,2024,10
2025-01-26 19:31:50,1771,2025,1
2024-11-27 20:19:37,1772,2024,11
2025-06-26 04:10:11,1773,2025,6
2024-10-06 16:52:17,1774,2024,10
2024-11-21 03:18:14,1775,2024,11
2024-09-21 00:25:59,1776,2024,9
2025-02-13 06:38:27,1777,2025,2
2024-07-14 19:37:16,1778,2024,7
2025-04-20 10:53:32,1779,2025,4
2024-12-27 09:16:06,1780,2024,12
2024-09-02 13:31:09,1781,2024,9
2024-10-29 22:43:50,1782,2024,10
2024-07-21 02:35:59,1783,2024,7
2024-08-07 13:16:47,1784,2024,8
2025-01-06 11:35:03,1785,2025,1
2025-03-24 00:08:01,1786,2025,3
2024-10-23 13:09:36,1787,2024,10
2025-02-05 15:28:58,1788,2025,2
2025-06-19 12:27:28,1789,2025,6
2025-03-31 20:09:09,1790,2025,3
2024-08-14 03:59:59,1791,2024,8
2025-04-08 14:47:57,1792,2025,4
2024-08-02 03:54:49,1793,2024,8
2024-07-23 21:19:55,1794,2024,7
2025-06-14 09:26:54,1795,2025,6
2025-03-13 00:09:45,1796,2025,3
2025-06-14 00:20:58,1797,2025,6
2025-01-13 02:49:33,1798,2025,1
2024-10-17 10:09:02,1799,2024,10
2024-07-13 17:18:51,1800,2024,7
2024-09-23 10:03:11,1801,2024,9
2024-11-14 21:12:27,1802,2024,11
2025-06-09 23:35:39,1803,2025,6
2025-02-11 05:00:28,1804,2025,2
2024-11-01 03:17:08,1805,2024,11
2024-08-17 18:01:53,1806,2024,8
2025-02-27 06:35:30,1807,2025,2
2025-02-22 21:53:20,1808,2025,2
2025-06-08 13:59:00,1809,2025,6
2024-10-03 05:05:09,1810,2024,10
2025-02-23 12:17:31,1811,2025,2
2025-06-05 23:15:52,1812,2025,6
2024-11-08 01:30:08,1813,2024,11
2025-06-05 20:15:15,1814,2025,6
2025-01-10 20:30:49,1815,2025,1
2024-09-25 01:34:44,1816,2024,9
2025-01-17 00:43:05,1817,2025,1
2024-10-12 14:47:22,1818,2024,10
2024-12-02 10:59:06,1819,2024,12
2025-06-28 08:23:43,1820,2025,6
2025-06-12 08:21:29,1821,2025,6
2024-11-07 05:44:01,1822,2024,11
2025-01-03 19:58:18,1823,2025,1
2024-07-29 08:02:53,1824,2024,7
2024-10-12 00:50:17,1825,2024,10
2025-04-16 11:24:55,1826,2025,4
2025-03-16 18:36:00,1827,2025,3
2024-10-22 16:07:36,1828,2024,10
2024-07-24 16:40:40,1829,2024,7
2025-04-03 10:31:46,1830,2025,4
2025-01-25 15:07:31,1831,2025,1
2024-09-21 21:16:35,1832,2024,9
2024-08-08 08:59:17,1833,2024,8
2024-08-06 18:01:34,1834,2024,8
2024-11-28 10:03:18,1835,2024,11
2024-09-26 22:26:16,1836,2024,9
2024-12-28 03:46:15,1837,2024,12
2025-05-27 04:38:13,1838,2025,5
2024-11-03 13:25:17,1839,2024,11
2024-12-03 18:51:56,1840,2024,12
2025-07-02 06:45:34,1841,2025,7
2024-07-23 11:39:10,1842,2024,7
2024-10-26 14:48:09,1843,2024,10
2024-11-18 02:02:39,1844,2024,11
2024-10-01 05:42:27,1845,2024,10
2025-06-29 08:58:34,1846,2025,6
2025-02-06 08:22:36,1847,2025,2
2024-07-09 16:36:38,1848,2024,7
2025-03-03 10:10:39,1849,2025,3
2025-03-24 09:03:09,1850,2025,3
2024-07-16 03:57:00,1851,2024,7
2025-04-24 04:14:13,1852,2025,4
2025-06-20 14:03:17,1853,2025,6
2025-04-15 19:59:22,1854,2025,4
2024-07-22 14:07:15,1855,2024,7
2024-08-29 12:39:46,1856,2024,8
2024-10-11 21:54:31,1857,2024,10
2025-02-09 03:56:32,1858,2025,2
2025-05-12 21:52:39,1859,2025,5
2025-05-18 07:50:34,1860,2025,5
2025-02-28 00:08:04,1861,2025,2
2025-02-03 22:30:08,1862,2025,2
2025-03-24 22:23:05,1863,2025,3
2025-01-18 23:06:27,1864,2025,1
2025-02-18 07:22:59,1865,2025,2
2024-09-07 16:55:32,1866,2024,9
2025-03-15 17:04:38,1867,2025,3
2024-09-22 18:47:17,1868,2024,9
2024-10-07 00:51:19,1869,2024,10
2024-11-21 03:15:29,1870,2024,11
2025-02-12 12:17:49,1871,2025,2
2025-01-17 15:34:31,1872,2025,1
2025-04-05 16:28:41,1873,2025,4
2025-02-27 17:15:51,1874,2025,2
2024-12-21 16:27:48,1875,2024,12
2024-11-16 23:59:49,1876,2024,11
2025-04-26 15:27:35,1877,2025,4
2024-11-10 04:27:20,1878,2024,11
2025-01-03 01:29:48,1879,2025,1
2024-12-30 03:37:14,1880,2024,12
2024-09-17 17:00:36,1881,2024,9
2024-12-30 20:14:56,1882,2024,12
2025-06-13 13:07:47,1883,2025,6
2025-06-25 16:21:54,1884,2025,6
2024-07-18 10:36:18,1885,2024,7
2024-11-29 04:45:39,1886,2024,11
2024-08-02 05:09:26,1887,2024,8
2024-12-15 15:39:50,1888,2024,12
2024-10-11 18:32:28,1889,2024,10
2025-01-23 03:02:17,1890,2025,1
2025-05-23 12:16:19,1891,2025,5
2025-01-10 10:46:11,1892,2025,1
2025-01-31 06:09:17,1893,2025,1
2025-01-02 07:27:54,1894,2025,1
2024-08-22 15:07:57,1895,2024,8
2024-12-11 08:48:09,1896,2024,12
2024-08-05 15:47:41,1897,2024,8
2024-07-29 22:35:22,1898,2024,7
2025-06-06 06:42:58,1899,2025,6
2025-02-02 15:57:40,1900,2025,2
2024-11-19 03:47:40,1901,2024,11
2025-02-21 08:08:54,1902,2025,2
2024-08-18 07:57:57,1903,2024,8
2024-12-20 18:32:13,1904,2024,12
2024-10-29 02:25:43,1905,2024,10
2025-06-20 23:43:01,1906,2025,6
2024-11-03 13:04:50,1907,2024,11
2025-02-28 20:20:37,1908,2025,2
2025-04-11 13:10:45,1909,2025,4
2025-04-30 09:14:47,1910,2025,4
2025-04-22 12:46:07,1911,2025,4
2024-10-30 14:09:47,1912,2024,10
2025-05-17 04:18:21,1913,2025,5
2024-07-06 20:35:19,1914,2024,7
2024-07-24 22:54:37,1915,2024,7
2024-07-19 18:32:33,1916,2024,7
2025-06-04 17:35:16,1917,2025,6
2024-10-30 01:17:07,1918,2024,10
2024-10-03 13:56:36,1919,2024,10
2024-11-06 18:46:47,1920,2024,11
2024-11-30 09:12:06,1921,2024,11
2025-01-29 08:30:30,1922,2025,1
2024-11-01 13:42:27,1923,2024,11
2025-05-12 20:07:08,1924,2025,5
2024-11-18 10:20:42,1925,2024,11
2025-06-07 11:16:46,1926,2025,6
2025-04-25 09:20:35,1927,2025,4
2025-06-16 21:49:20,1928,2025,6
2025-05-15 03:46:52,1929,2025,5
2025-06-20 12:42:24,1930,2025,6
2025-06-02 21:37:52,1931,2025,6
2024-09-02 23:12:05,1932,2024,9
2025-05-10 20:08:13,1933,2025,5
2025-04-28 19:45:15,1934,2025,4
2024-09-09 07:51:21,1935,2024,9
2025-05-18 08:30:52,1936,2025,5
2025-02-09 15:43:11,1937,2025,2
2025-04-20 05:18:44,1938,2025,4
2024-11-06 14:18:39,1939,2024,11
2025-05-03 00:15:37,1940,2025,5
2025-06-17 07:29:34,1941,2025,6
2025-03-07 13:50:15,1942,2025,3
2024-07-19 17:30:52,1943,2024,7
2024-09-07 03:13:25,1944,2024,9
2024-07-29 01:03:56,1945,2024,7
2024-07-23 19:09:07,1946,2024,7
2024-08-15 17:03:01,1947,2024,8
2025-02-04 22:08:35,1948,2025,2
2024-08-31 17:30:14,1949,2024,8
2024-12-20 11:39:48,1950,2024,12
2024-11-24 16:49:00,1951,2024,11
2024-07-19 04:19:08,1952,2024,7
2025-01-15 08:13:19,1953,2025,1
2024-10-26 14:29:09,1954,2024,10
2025-01-22 18:42:34,1955,2025,1
2024-08-22 03:39:25,1956,2024,8
2025-01-09 17:36:12,1957,2025,1
2024-10-28 22:08:02,1958,2024,10
2024-09-04 07:08:24,1959,2024,9
2024-11-09 00:42:24,1960,2024,11
2025-03-26 20:51:59,1961,2025,3
2025-02-26 18:16:28,1962,2025,2
2025-03-20 14:22:33,1963,2025,3
2025-02-14 14:58:32,1964,2025,2
2024-10-08 10:16:03,1965,2024,10
2025-03-29 06:45:10,1966,2025,3
2024-10-28 03:37:52,1967,2024,10
2024-09-08 02:48:22,1968,2024,9
2024-08-27 21:36:01,1969,2024,8
2024-07-06 10:04:41,1970,2024,7
2024-11-20 23:02:41,1971,2024,11
2024-08-20 04:37:57,1972,2024,8
2025-01-09 09:12:41,1973,2025,1
2025-06-22 15:00:41,1974,2025,6
2025-02-10 02:59:48,1975,2025,2
2025-05-02 01:25:40,1976,2025,5
2024-10-27 20:04:31,1977,2024,10
2024-09-25 15:18:40,1978,2024,9
2024-07-18 01:21:37,1979,2024,7
2024-11-10 11:49:53,1980,2024,11
2024-09-04 14:04:08,1981,2024,9
2024-10-21 16:38:29,1982,2024,10
2025-02-24 20:30:56,1983,2025,2
2025-06-12 13:43:06,1984,2025,6
2025-02-13 12:45:11,1985,2025,2
2024-09-05 00:08:09,1986,2024,9
2025-06-26 22:29:39,1987,2025,6
2025-04-01 08:43:26,1988,2025,4
2024-10-09 09:07:18,1989,2024,10
2025-06-04 17:09:55,1990,2025,6
2024-08-20 17:26:42,1991,2024,8
2025-04-12 05:33:35,1992,2025,4
2025-05-17 23:15:04,1993,2025,5
2025-01-19 11:20:03,1994,2025,1
2025-05-03 23:34:51,1995,2025,5
2025-03-05 16:17:05,1996,2025,3
2025-02-04 17:26:25,1997,2025,2
2024-10-02 02:30:07,1998,2024,10
2025-02-10 17:36:22,1999,2025,2
2024-09-18 14:39:16,2000,2024,9
2025-01-29 14:45:16,2001,2025,1
2024-10-28 09:54:12,2002,2024,10
2024-10-08 20:32:13,2003,2024,10
2024-10-17 14:36:44,2004,2024,10
2025-01-05 05:25:57,2005,2025,1
2024-08-28 10:42:11,2006,2024,8
2024-12-03 08:36:48,2007,2024,12
2025-03-15 09:44:51,2008,2025,3
2024-08-10 17:40:43,2009,2024,8
2025-01-22 08:11:43,2010,2025,1
2025-04-23 11:51:47,2011,2025,4
2025-02-13 08:37:06,2012,2025,2
2024-08-10 21:42:23,2013,2024,8
2024-08-03 17:17:17,2014,2024,8
2024-08-19 20:05:42,2015,2024,8
2024-11-17 00:48:21,2016,2024,11
2024-10-19 13:55:42,2017,2024,10
2025-07-01 11:28:23,2018,2025,7
2025-04-06 22:04:25,2019,2025,4
2024-10-31 08:58:08,2020,2024,10
2025-03-11 02:34:26,2021,2025,3
2024-12-31 17:45:31,2022,2024,12
2025-02-17 17:10:39,2023,2025,2
2025-03-10 12:14:41,2024,2025,3
2024-08-02 02:44:07,2025,2024,8
2025-06-29 03:39:37,2026,2025,6
2025-04-18 04:17:02,2027,2025,4
2024-08-14 10:53:17,2028,2024,8
2025-06-03 22:38:57,2029,2025,6
2024-07-16 17:35:18,2030,2024,7
2024-08-19 20:53:42,2031,2024,8
2025-05-05 05:16:59,2032,2025,5
2025-02-25 23:42:43,2033,2025,2
2025-05-10 21:40:41,2034,2025,5
2025-06-03 11:57:05,2035,2025,6
2024-08-22 13:10:01,2036,2024,8
2025-04-15 13:12:57,2037,2025,4
2025-03-24 00:21:04,2038,2025,3
2025-03-08 22:25:16,2039,2025,3
2025-04-30 22:51:24,2040,2025,4
2025-02-15 06:26:12,2041,2025,2
2025-06-02 17:19:52,2042,2025,6
2025-03-17 16:50:11,2043,2025,3
2024-07-06 19:20:43,2044,2024,7
2024-09-19 08:26:57,2045,2024,9
2024-11-10 14:59:21,2046,2024,11
2024-11-06 00:17:46,2047,2024,11
2025-05-20 10:23:47,2048,2025,5
2025-02-28 23:36:17,2049,2025,2
2025-01-12 04:11:49,2050,2025,1
2025-03-18 00:32:17,2051,2025,3
2025-05-13 15:11:06,2052,2025,5
2025-06-13 10:02:37,2053,2025,6
2024-12-26 14:35:16,2054,2024,12
2024-10-09 13:29:17,2055,2024,10
2025-02-03 04:02:53,2056,2025,2
2024-08-15 20:04:06,2057,2024,8
2024-12-01 03:23:24,2058,2024,12
2024-10-01 02:44:13,2059,2024,10
2025-05-19 15:51:16,2060,2025,5
2024-12-28 12:23:26,2061,2024,12
2024-10-23 12:38:10,2062,2024,10
2024-09-10 13:32:11,2063,2024,9
2025-03-08 18:11:15,2064,2025,3
2025-06-07 12:51:39,2065,2025,6
2025-06-04 19:18:28,2066,2025,6
2025-04-30 08:23:06,2067,2025,4
2024-07-17 06:05:20,2068,2024,7
2024-08-27 20:26:10,2069,2024,8
2025-01-11 16:19:10,2070,2025,1
2024-08-08 06:59:37,2071,2024,8
2024-07-28 03:28:13,2072,2024,7
2024-08-10 22:21:46,2073,2024,8
2025-02-10 06:56:52,2074,2025,2
2025-02-14 20:28:33,2075,2025,2
2024-07-12 16:15:38,2076,2024,7
2025-02-07 07:32:07,2077,2025,2
2025-04-13 15:17:32,2078,2025,4
2025-05-01 20:54:16,2079,2025,5
2024-08-07 23:48:02,2080,2024,8
2024-11-02 13:16:52,2081,2024,11
2024-07-27 09:25:42,2082,2024,7
2024-08-24 22:11:58,2083,2024,8
2025-01-11 18:51:38,2084,2025,1
2025-06-24 18:52:28,2085,2025,6
2025-02-27 21:50:27,2086,2025,2
2025-04-22 02:07:56,2087,2025,4
2025-01-13 19:11:53,2088,2025,1
2025-04-29 09:36:19,2089,2025,4
2024-11-24 05:36:20,2090,2024,11
2025-04-11 06:16:36,2091,2025,4
2025-07-01 21:49:36,2092,2025,7
2024-10-09 20:51:46,2093,2024,10
2025-06-23 12:54:44,2094,2025,6
2024-12-21 09:46:04,2095,2024,12
2024-11-28 16:12:55,2096,2024,11
2025-03-12 12:58:25,2097,2025,3
2025-05-14 09:04:14,2098,2025,5
2024-10-19 07:47:14,2099,2024,10
2024-11-22 07:41:15,2100,2024,11
2024-12-21 15:40:42,2101,2024,12
2025-02-24 07:43:49,2102,2025,2
2024-09-04 23:07:09,2103,2024,9
2024-07-30 06:57:58,2104,2024,7
2024-12-13 03:12:15,2105,2024,12
2024-11-08 22:54:18,2106,2024,11
2025-04-04 10:34:46,2107,2025,4
2024-07-16 15:47:52,2108,2024,7
2025-03-12 11:05:52,2109,2025,3
2025-05-23 00:19:46,2110,2025,5
2024-12-06 06:50:14,2111,2024,12
2024-12-24 11:19:33,2112,2024,12
2025-06-23 10:26:29,2113,2025,6
2025-02-12 21:44:33,2114,2025,2
2024-08-25 18:04:53,2115,2024,8
2024-10-15 05:04:17,2116,2024,10
2024-09-06 14:11:12,2117,2024,9
2024-10-10 10:36:55,2118,2024,10
2025-06-10 11:59:32,2119,2025,6
2024-09-22 18:58:44,2120,2024,9
2024-08-01 09:35:40,2121,2024,8
2024-11-28 02:38:03,2122,2024,11
2025-03-11 15:41:08,2123,2025,3
2024-12-06 12:31:16,2124,2024,12
2024-10-07 09:27:15,2125,2024,10
2025-03-02 23:49:50,2126,2025,3
2024-09-03 13:41:23,2127,2024,9
2024-10-23 02:22:54,2128,2024,10
2024-12-08 06:51:46,2129,2024,12
2025-06-16 12:56:57,2130,2025,6
2025-05-26 10:39:31,2131,2025,5
2025-06-21 05:37:51,2132,2025,6
2024-09-16 11:51:46,2133,2024,9
2025-01-21 12:12:22,2134,2025,1
2025-05-24 14:20:49,2135,2025,5
2025-04-11 17:08:42,2136,2025,4
2024-08-22 22:24:00,2137,2024,8
2025-06-24 16:43:54,2138,2025,6
2025-03-20 16:59:04,2139,2025,3
2025-03-22 16:50:49,2140,2025,3
2025-02-27 03:16:28,2141,2025,2
2025-05-25 09:48:42,2142,2025,5
2024-11-29 22:23:01,2143,2024,11
2025-01-03 19:51:13,2144,2025,1
2025-01-30 09:58:57,2145,2025,1
2024-10-10 16:51:55,2146,2024,10
2024-11-27 22:54:30,2147,2024,11
2025-04-23 02:33:53,2148,2025,4
2025-01-12 11:47:20,2149,2025,1
2025-02-14 02:01:33,2150,2025,2
2025-02-09 01:05:48,2151,2025,2
2025-02-23 21:53:09,2152,2025,2
2024-09-02 08:56:10,2153,2024,9
2025-01-09 04:53:54,2154,2025,1
2025-06-03 18:05:47,2155,2025,6
2024-10-21 00:01:32,2156,2024,10
2025-01-22 18:35:06,2157,2025,1
2024-10-27 21:22:18,2158,2024,10
2024-11-10 21:50:31,2159,2024,11
2025-01-27 20:57:35,2160,2025,1
2024-10-09 00:07:13,2161,2024,10
2024-08-31 18:54:13,2162,2024,8
2025-05-19 07:50:06,2163,2025,5
2025-01-08 00:36:01,2164,2025,1
2025-02-25 07:32:12,2165,2025,2
2025-07-03 17:59:00,2166,2025,7
2025-02-06 06:19:07,2167,2025,2
2025-05-25 21:34:40,2168,2025,5
2025-05-01 16:37:35,2169,2025,5
2024-07-20 05:40:10,2170,2024,7
2025-06-16 09:32:02,2171,2025,6
2025-03-08 00:18:46,2172,2025,3
2025-01-10 09:36:00,2173,2025,1
2025-03-07 16:59:09,2174,2025,3
2024-08-21 18:35:31,2175,2024,8
2024-09-14 13:57:22,2176,2024,9
2025-06-21 09:58:28,2177,2025,6
2024-10-04 10:32:46,2178,2024,10
2025-01-04 12:42:51,2179,2025,1
2024-10-19 20:48:47,2180,2024,10
2024-09-30 17:53:37,2181,2024,9
2025-02-16 14:23:09,2182,2025,2
2024-10-11 22:17:49,2183,2024,10
2024-12-01 05:06:36,2184,2024,12
2024-11-08 08:19:36,2185,2024,11
2024-11-07 18:51:25,2186,2024,11
2024-10-23 19:15:04,2187,2024,10
2025-06-01 17:54:52,2188,2025,6
2025-07-03 22:20:11,2189,2025,7
2024-12-23 21:22:49,2190,2024,12
2024-11-22 10:03:03,2191,2024,11
2024-12-17 11:30:10,2192,2024,12
2024-09-14 03:26:02,2193,2024,9
2025-03-16 00:56:39,2194,2025,3
2024-09-24 05:34:43,2195,2024,9
2025-03-16 02:10:41,2196,2025,3
2024-09-13 12:00:31,2197,2024,9
2024-09-26 05:24:53,2198,2024,9
2024-12-15 18:28:16,2199,2024,12
2024-07-09 10:33:10,2200,2024,7
2025-01-12 12:30:56,2201,2025,1
2024-09-02 06:46:00,2202,2024,9
2025-02-09 20:51:09,2203,2025,2
2025-03-10 05:53:44,2204,2025,3
2025-04-23 15:50:40,2205,2025,4
2024-10-08 22:10:45,2206,2024,10
2024-08-25 04:27:56,2207,2024,8
2024-07-15 17:58:12,2208,2024,7
2024-09-11 04:34:47,2209,2024,9
2024-12-15 04:41:53,2210,2024,12
2024-07-16 10:23:10,2211,2024,7
2025-03-04 10:31:39,2212,2025,3
2024-07-31 13:20:07,2213,2024,7
2025-05-01 20:33:54,2214,2025,5
2024-08-07 06:45:58,2215,2024,8
2025-03-24 10:15:47,2216,2025,3
2025-05-20 00:45:23,2217,2025,5
2025-05-04 10:46:51,2218,2025,5
2025-04-03 09:39:08,2219,2025,4
2025-01-04 14:24:51,2220,2025,1
2025-01-16 19:02:10,2221,2025,1
2025-07-03 06:16:16,2222,2025,7
2024-12-18 15:49:25,2223,2024,12
2025-03-14 16:22:22,2224,2025,3
2024-11-25 13:05:28,2225,2024,11
2025-03-19 18:54:28,2226,2025,3
2025-01-13 11:26:16,2227,2025,1
2024-09-22 18:47:04,2228,2024,9
2024-10-08 10:15:00,2229,2024,10
2025-01-25 14:50:57,2230,2025,1
2024-08-30 14:09:30,2231,2024,8
2025-04-30 23:52:34,2232,2025,4
2024-11-12 08:42:27,2233,2024,11
2024-07-13 12:43:34,2234,2024,7
2024-07-11 13:11:58,2235,2024,7
2025-06-23 08:51:29,2236,2025,6
2025-02-06 02:34:32,2237,2025,2
2025-03-18 00:05:02,2238,2025,3
2024-08-01 12:09:06,2239,2024,8
2024-11-17 14:46:14,2240,2024,11
2025-06-08 06:15:36,2241,2025,6
2025-05-17 23:24:37,2242,2025,5
2024-08-22 10:31:02,2243,2024,8
2025-04-07 05:32:54,2244,2025,4
2024-12-02 13:31:29,2245,2024,12
2024-11-10 11:58:34,2246,2024,11
2024-10-03 21:08:20,2247,2024,10
2025-01-28 07:07:40,2248,2025,1
2025-05-10 11:48:10,2249,2025,5
2025-02-07 03:19:24,2250,2025,2
2024-12-07 01:15:48,2251,2024,12
2024-08-01 23:06:27,2252,2024,8
2024-11-26 09:27:09,2253,2024,11
2024-11-10 23:42:02,2254,2024,11
2024-09-21 23:53:21,2255,2024,9
2025-01-04 12:41:54,2256,2025,1
2024-08-04 08:08:50,2257,2024,8
2025-01-08 04:20:24,2258,2025,1
2025-01-26 13:28:21,2259,2025,1
2025-06-03 23:26:39,2260,2025,6
2024-07-17 09:08:34,2261,2024,7
2024-07-27 12:52:57,2262,2024,7
2024-12-07 14:47:36,2263,2024,12
2025-03-01 11:45:57,2264,2025,3
2024-12-30 09:56:15,2265,2024,12
2024-10-25 20:23:03,2266,2024,10
2025-06-26 20:55:26,2267,2025,6
2024-12-15 14:44:12,2268,2024,12
2024-11-24 07:23:34,2269,2024,11
2024-09-18 22:38:54,2270,2024,9
2025-04-29 15:30:50,2271,2025,4
2025-02-03 11:06:48,2272,2025,2
2024-10-12 16:41:02,2273,2024,10
2024-11-17 12:17:53,2274,2024,11
2025-06-20 11:09:31,2275,2025,6
2024-11-24 20:55:34,2276,2024,11
2025-01-28 06:52:07,2277,2025,1
2025-01-20 03:21:02,2278,2025,1
2025-05-21 14:49:52,2279,2025,5
2024-08-23 17:21:44,2280,2024,8
2024-07-21 08:33:03,2281,2024,7
2025-01-18 12:47:34,2282,2025,1
2025-01-07 00:35:53,2283,2025,1
2025-06-23 00:14:15,2284,2025,6
2025-06-21 23:00:52,2285,2025,6
2024-07-06 16:36:57,2286,2024,7
2025-03-11 20:07:39,2287,2025,3
2024-08-28 09:37:51,2288,2024,8
2024-10-25 12:26:11,2289,2024,10
2025-06-27 11:33:49,2290,2025,6
2025-05-15 15:11:18,2291,2025,5
2025-05-30 18:56:44,2292,2025,5
2024-12-05 21:13:43,2293,2024,12
2024-09-02 01:20:21,2294,2024,9
2025-02-25 22:43:23,2295,2025,2
2024-09-12 16:32:28,2296,2024,9
2025-06-05 04:11:39,2297,2025,6
2025-01-06 04:45:26,2298,2025,1
2025-01-09 13:30:59,2299,2025,1
2025-01-21 08:08:09,2300,2025,1
2025-01-29 12:39:04,2301,2025,1
2024-11-24 20:01:33,2302,2024,11
2025-05-14 05:42:52,2303,2025,5
2025-04-25 04:35:39,2304,2025,4
2024-08-30 11:19:24,2305,2024,8
2024-09-24 12:36:50,2306,2024,9
2024-07-16 16:45:48,2307,2024,7
2024-10-03 06:31:44,2308,2024,10
2024-12-31 10:43:57,2309,2024,12
2025-06-15 16:10:58,2310,2025,6
2025-01-31 02:58:25,2311,2025,1
2024-08-04 03:31:54,2312,2024,8
2024-12-31 22:14:02,2313,2024,12
2025-02-17 20:48:40,2314,2025,2
2024-11-08 04:58:44,2315,2024,11
2024-11-03 16:53:21,2316,2024,11
2025-03-02 15:54:32,2317,2025,3
2025-04-13 01:30:59,2318,2025,4
2025-07-01 09:00:27,2319,2025,7
2025-05-20 13:45:07,2320,2025,5
2025-02-24 14:36:08,2321,2025,2
2025-04-16 06:31:28,2322,2025,4
2025-03-23 21:04:44,2323,2025,3
2024-09-17 01:49:10,2324,2024,9
2024-10-10 12:21:26,2325,2024,10
2024-07-04 16:50:04,2326,2024,7
2025-04-16 06:12:04,2327,2025,4
2025-04-27 00:53:01,2328,2025,4
2025-04-10 19:04:58,2329,2025,4
2025-01-08 23:44:51,2330,2025,1
2024-07-17 12:19:04,2331,2024,7
2024-10-15 23:49:40,2332,2024,10
2025-04-19 20:42:55,2333,2025,4
2025-05-27 00:12:46,2334,2025,5
2024-12-19 21:50:07,2335,2024,12
2024-07-14 00:14:41,2336,2024,7
2024-10-11 09:57:05,2337,2024,10
2025-02-14 02:52:43,2338,2025,2
2024-11-24 06:32:30,2339,2024,11
2024-12-25 20:32:00,2340,2024,12
2024-10-09 06:19:48,2341,2024,10
2024-07-05 00:59:32,2342,2024,7
2025-06-22 10:20:03,2343,2025,6
2024-08-04 14:12:05,2344,2024,8
2024-11-28 17:53:19,2345,2024,11
2024-12-25 08:42:43,2346,2024,12
2024-11-13 01:39:36,2347,2024,11
2025-06-12 14:38:55,2348,2025,6
2025-06-05 19:09:32,2349,2025,6
2025-06-23 00:48:37,2350,2025,6
2025-01-06 12:51:54,2351,2025,1
2025-05-06 12:13:35,2352,2025,5
2025-01-02 03:20:26,2353,2025,1
2025-06-21 12:46:28,2354,2025,6
2024-12-05 14:55:02,2355,2024,12
2024-12-24 05:55:38,2356,2024,12
2025-02-10 14:33:13,2357,2025,2
2024-08-27 06:14:03,2358,2024,8
2024-07-10 03:26:59,2359,2024,7
2025-07-03 10:20:00,2360,2025,7
2025-04-26 07:09:20,2361,2025,4
2024-08-06 11:11:58,2362,2024,8
2024-11-02 00:46:52,2363,2024,11
2025-06-28 00:05:54,2364,2025,6
2025-03-14 09:14:41,2365,2025,3
2024-09-21 12:33:13,2366,2024,9
2025-04-03 10:15:09,2367,2025,4
2024-12-30 17:41:12,2368,2024,12
2024-11-03 18:03:19,2369,2024,11
2024-12-05 19:51:13,2370,2024,12
2025-03-02 14:31:09,2371,2025,3
2024-11-11 18:19:06,2372,2024,11
2024-10-20 11:02:46,2373,2024,10
2024-10-14 22:09:50,2374,2024,10
2025-01-21 07:50:21,2375,2025,1
2024-11-14 02:57:58,2376,2024,11
2025-02-03 22:14:04,2377,2025,2
2025-05-28 11:23:13,2378,2025,5
2025-06-13 16:49:24,2379,2025,6
2024-09-14 07:50:28,2380,2024,9
2025-05-20 12:47:20,2381,2025,5
2024-10-31 05:49:21,2382,2024,10
2025-01-09 21:02:55,2383,2025,1
2024-09-20 16:13:00,2384,2024,9
2025-05-16 07:09:32,2385,2025,5
2025-06-18 19:00:19,2386,2025,6
2025-04-29 08:17:10,2387,2025,4
2024-07-15 08:31:43,2388,2024,7
2025-03-06 14:22:42,2389,2025,3
2025-03-01 20:32:56,2390,2025,3
2024-11-03 00:58:19,2391,2024,11
2025-01-29 11:54:18,2392,2025,1
2024-08-04 16:31:29,2393,2024,8
2025-03-02 14:26:00,2394,2025,3
2024-08-17 02:39:53,2395,2024,8
2024-07-19 04:59:47,2396,2024,7
2024-12-29 07:04:13,2397,2024,12
2025-05-12 12:39:40,2398,2025,5
2025-04-29 04:03:11,2399,2025,4
2025-05-25 15:23:22,2400,2025,5
2024-10-05 20:33:56,2401,2024,10
2024-12-22 14:21:14,2402,2024,12
2024-09-14 16:22:16,2403,2024,9
2025-05-12 18:30:08,2404,2025,5
2024-10-11 12:42:06,2405,2024,10
2025-03-16 18:25:33,2406,2025,3
2025-02-22 11:21:48,2407,2025,2
2024-12-24 22:43:11,2408,2024,12
2024-11-04 21:40:32,2409,2024,11
2025-02-22 15:00:17,2410,2025,2
2025-07-04 02:33:14,2411,2025,7
2024-12-10 17:23:07,2412,2024,12
2024-07-24 22:30:19,2413,2024,7
2024-09-13 08:45:45,2414,2024,9
2025-01-28 05:38:35,2415,2025,1
2025-06-25 06:10:38,2416,2025,6
2025-01-23 18:20:35,2417,2025,1
2025-03-01 12:36:25,2418,2025,3
2025-01-31 14:59:49,2419,2025,1
2024-09-17 09:48:37,2420,2024,9
2025-04-21 05:12:40,2421,2025,4
2024-11-13 17:06:00,2422,2024,11
2025-05-04 01:57:49,2423,2025,5
2025-01-02 00:04:06,2424,2025,1
2024-09-22 07:51:50,2425,2024,9
2025-02-28 19:57:25,2426,2025,2
2025-02-27 07:01:09,2427,2025,2
2025-06-22 18:40:00,2428,2025,6
2025-01-01 14:48:52,2429,2025,1
2024-12-10 22:49:50,2430,2024,12
2024-11-17 14:20:26,2431,2024,11
2024-07-29 11:46:09,2432,2024,7
2025-04-17 17:10:02,2433,2025,4
2024-07-13 05:14:29,2434,2024,7
2024-11-08 00:49:49,2435,2024,11
2025-03-28 02:23:43,2436,2025,3
2024-12-15 19:13:41,2437,2024,12
2024-10-07 19:35:11,2438,2024,10
2024-12-17 15:49:06,2439,2024,12
2025-04-16 23:49:16,2440,2025,4
2024-09-26 00:21:13,2441,2024,9
2025-01-26 00:25:49,2442,2025,1
2025-06-05 14:06:10,2443,2025,6
2024-11-22 21:50:35,2444,2024,11
2024-07-05 23:07:01,2445,2024,7
2025-04-08 02:10:55,2446,2025,4
2025-05-14 04:40:32,2447,2025,5
2024-07-22 02:41:58,2448,2024,7
2025-06-07 17:53:27,2449,2025,6
2025-02-02 01:27:26,2450,2025,2
2025-03-06 21:28:07,2451,2025,3
2024-12-27 06:29:39,2452,2024,12
2025-05-30 18:53:24,2453,2025,5
2024-07-11 06:18:05,2454,2024,7
2024-10-06 08:01:44,2455,2024,10
2025-01-13 06:53:49,2456,2025,1
2024-10-28 18:45:53,2457,2024,10
2024-12-06 06:04:19,2458,2024,12
2025-04-15 19:50:38,2459,2025,4
2025-03-23 09:02:23,2460,2025,3
2025-03-08 10:14:08,2461,2025,3
2025-04-07 15:10:07,2462,2025,4
2025-03-29 05:50:06,2463,2025,3
2025-01-30 09:24:42,2464,2025,1
2024-11-30 14:16:40,2465,2024,11
2024-10-25 03:23:34,2466,2024,10
2024-09-03 13:45:49,2467,2024,9
2025-04-04 19:08:40,2468,2025,4
2025-03-17 19:36:21,2469,2025,3
2025-02-07 00:16:35,2470,2025,2
2025-04-13 23:34:46,2471,2025,4
2025-01-09 05:34:14,2472,2025,1
2024-08-04 05:00:58,2473,2024,8
2024-08-24 03:23:03,2474,2024,8
2024-10-02 23:53:08,2475,2024,10
2025-03-13 08:05:02,2476,2025,3
2024-12-09 14:22:08,2477,2024,12
2024-10-18 04:54:57,2478,2024,10
2024-07-29 19:46:30,2479,2024,7
2025-06-11 09:33:53,2480,2025,6
2025-06-01 14:49:48,2481,2025,6
2024-12-30 22:12:56,2482,2024,12
2025-03-23 23:33:44,2483,2025,3
2024-11-12 00:32:10,2484,2024,11
2024-07-18 07:45:17,2485,2024,7
2025-05-26 08:32:06,2486,2025,5
2024-12-17 00:55:02,2487,2024,12
2024-10-20 17:51:01,2488,2024,10
2024-09-22 21:57:22,2489,2024,9
2024-10-23 10:22:44,2490,2024,10
2025-03-28 02:00:39,2491,2025,3
2025-03-23 08:22:27,2492,2025,3
2024-11-28 10:43:27,2493,2024,11
2025-05-30 00:48:18,2494,2025,5
2024-12-09 04:15:05,2495,2024,12
2025-01-02 23:36:38,2496,2025,1
2025-02-28 04:37:53,2497,2025,2
2024-11-18 17:35:21,2498,2024,11
2024-11-20 23:55:24,2499,2024,11
2025-02-02 01:49:31,2500,2025,2
2025-06-23 08:00:46,2501,2025,6
2024-11-27 18:21:45,2502,2024,11
2025-06-23 13:46:52,2503,2025,6
2025-03-29 04:26:49,2504,2025,3
2025-06-09 15:28:28,2505,2025,6
2025-01-06 05:46:03,2506,2025,1
2024-10-16 04:43:47,2507,2024,10
2024-10-18 05:40:26,2508,2024,10
2025-04-04 23:41:46,2509,2025,4
2024-09-07 03:44:10,2510,2024,9
2025-01-12 11:25:42,2511,2025,1
2024-11-22 12:27:30,2512,2024,11
2025-01-14 21:43:29,2513,2025,1
2024-08-25 04:22:51,2514,2024,8
2025-04-16 17:15:21,2515,2025,4
2025-03-30 08:44:26,2516,2025,3
2024-12-07 06:42:39,2517,2024,12
2024-11-11 23:42:00,2518,2024,11
2025-04-08 21:27:48,2519,2025,4
2025-01-03 02:13:28,2520,2025,1
2025-03-07 13:31:15,2521,2025,3
2024-12-09 20:25:56,2522,2024,12
2025-06-08 03:38:04,2523,2025,6
2024-09-01 17:45:16,2524,2024,9
2025-01-30 17:31:02,2525,2025,1
2024-10-06 09:37:14,2526,2024,10
2024-09-16 16:30:44,2527,2024,9
2025-06-29 01:44:19,2528,2025,6
2025-05-16 18:08:43,2529,2025,5
2024-09-19 15:41:29,2530,2024,9
2025-03-20 00:20:19,2531,2025,3
2025-05-14 14:16:27,2532,2025,5
2024-11-30 16:04:26,2533,2024,11
2025-02-07 17:55:59,2534,2025,2
2025-03-31 00:27:50,2535,2025,3
2025-06-19 19:27:36,2536,2025,6
2025-05-24 03:02:30,2537,2025,5
2025-01-07 17:42:51,2538,2025,1
2025-01-07 09:57:26,2539,2025,1
2025-04-30 15:11:12,2540,2025,4
2025-03-17 09:00:42,2541,2025,3
2025-03-12 01:56:16,2542,2025,3
2025-03-15 13:39:09,2543,2025,3
2025-01-07 18:44:59,2544,2025,1
2025-06-02 11:06:58,2545,2025,6
2024-12-14 05:49:21,2546,2024,12
2025-05-04 02:42:12,2547,2025,5
2025-03-29 09:37:55,2548,2025,3
2025-07-02 14:43:22,2549,2025,7
2025-05-20 07:55:56,2550,2025,5
2024-11-14 00:22:52,2551,2024,11
2025-06-20 20:46:57,2552,2025,6
2025-03-24 08:43:07,2553,2025,3
2025-02-10 04:07:15,2554,2025,2
2024-11-20 16:31:17,2555,2024,11
2024-07-17 14:16:40,2556,2024,7
2025-06-18 21:05:40,2557,2025,6
2025-05-07 18:28:58,2558,2025,5
2025-02-20 07:12:44,2559,2025,2
2024-09-15 20:39:05,2560,2024,9
2024-07-25 18:19:00,2561,2024,7
2024-10-24 23:59:21,2562,2024,10
2024-09-07 22:58:19,2563,2024,9
2025-05-06 00:00:02,2564,2025,5
2024-12-09 06:18:44,2565,2024,12
2025-05-18 09:55:10,2566,2025,5
2025-05-14 17:38:16,2567,2025,5
2024-12-28 03:24:09,2568,2024,12
2025-06-01 04:13:07,2569,2025,6
2024-07-18 19:10:01,2570,2024,7
2024-07-26 05:33:31,2571,2024,7
2024-08-08 20:49:36,2572,2024,8
2025-02-07 17:47:30,2573,2025,2
2024-10-31 02:35:26,2574,2024,10
2024-10-09 09:00:56,2575,2024,10
2024-10-23 06:39:17,2576,2024,10
2025-01-29 07:36:18,2577,2025,1
2025-06-23 00:17:19,2578,2025,6
2025-04-09 15:39:48,2579,2025,4
2024-09-11 07:34:51,2580,2024,9
2024-11-07 05:14:51,2581,2024,11
2025-03-28 01:14:23,2582,2025,3
2025-03-06 09:10:25,2583,2025,3
2024-11-22 19:33:33,2584,2024,11
2025-03-23 06:56:23,2585,2025,3
2025-06-27 20:04:20,2586,2025,6
2025-05-15 07:47:28,2587,2025,5
2025-03-15 06:31:26,2588,2025,3
2025-01-26 14:13:40,2589,2025,1
2025-04-17 21:00:35,2590,2025,4
2025-04-17 15:25:22,2591,2025,4
2024-07-21 22:35:33,2592,2024,7
2025-05-27 14:10:30,2593,2025,5
2025-02-16 14:30:52,2594,2025,2
2025-02-02 14:50:05,2595,2025,2
2024-10-04 13:10:07,2596,2024,10
2025-05-29 13:22:50,2597,2025,5
2024-08-04 00:02:40,2598,2024,8
2024-12-01 22:10:33,2599,2024,12
2025-03-22 04:20:44,2600,2025,3
2025-03-31 18:50:34,2601,2025,3
2025-04-28 19:09:36,2602,2025,4
2024-08-23 17:27:11,2603,2024,8
2025-01-05 17:32:25,2604,2025,1
2024-07-16 19:08:38,2605,2024,7
2024-11-20 13:13:06,2606,2024,11
2024-08-15 11:00:09,2607,2024,8
2024-12-29 05:26:06,2608,2024,12
2024-11-18 00:55:50,2609,2024,11
2025-06-06 04:28:46,2610,2025,6
2025-03-06 01:03:09,2611,2025,3
2024-10-16 15:13:59,2612,2024,10
2025-05-22 00:44:26,2613,2025,5
2025-01-18 06:00:17,2614,2025,1
2025-06-08 00:16:28,2615,2025,6
2024-07-31 15:22:22,2616,2024,7
2025-01-20 06:25:12,2617,2025,1
2024-11-21 13:35:03,2618,2024,11
2024-07-20 11:18:59,2619,2024,7
2025-05-16 22:15:12,2620,2025,5
2024-09-22 19:41:28,2621,2024,9
2024-10-14 23:38:21,2622,2024,10
2025-06-07 23:26:32,2623,2025,6
2025-04-28 07:59:46,2624,2025,4
2024-12-08 03:55:06,2625,2024,12
2025-06-12 12:51:30,2626,2025,6
2025-03-18 12:07:59,2627,2025,3
2024-12-20 07:27:19,2628,2024,12
2025-02-12 20:27:22,2629,2025,2
2024-09-28 12:00:47,2630,2024,9
2024-10-20 20:37:31,2631,2024,10
2024-11-09 04:52:06,2632,2024,11
2025-04-27 09:01:24,2633,2025,4
2025-03-25 18:25:29,2634,2025,3
2025-04-12 12:09:32,2635,2025,4
2025-01-12 03:55:49,2636,2025,1
2025-05-21 03:33:06,2637,2025,5
2025-06-07 22:46:54,2638,2025,6
2025-04-23 15:55:51,2639,2025,4
2024-11-25 16:32:26,2640,2024,11
2025-06-17 15:29:52,2641,2025,6
2025-03-27 04:17:05,2642,2025,3
2024-09-17 23:43:21,2643,2024,9
2025-01-25 16:52:19,2644,2025,1
2025-03-02 06:39:26,2645,2025,3
2024-11-19 07:50:50,2646,2024,11
2024-08-18 01:06:06,2647,2024,8
2025-04-04 17:08:03,2648,2025,4
2024-07-07 08:44:30,2649,2024,7
2024-11-23 08:50:25,2650,2024,11
2025-06-30 14:41:31,2651,2025,6
2025-03-04 05:32:32,2652,2025,3
2025-04-08 06:57:34,2653,2025,4
2024-09-09 21:41:51,2654,2024,9
2024-08-06 02:40:34,2655,2024,8
2024-10-10 00:00:04,2656,2024,10
2025-06-25 00:48:51,2657,2025,6
2025-01-17 23:33:42,2658,2025,1
2025-05-31 12:57:34,2659,2025,5
2025-03-13 23:37:24,2660,2025,3
2024-09-26 03:26:15,2661,2024,9
2025-05-11 18:27:58,2662,2025,5
2024-10-20 14:56:34,2663,2024,10
2024-07-15 13:10:59,2664,2024,7
2024-10-30 18:12:59,2665,2024,10
2024-12-30 06:39:02,2666,2024,12
2024-12-26 01:48:06,2667,2024,12
2025-06-04 08:53:54,2668,2025,6
2024-08-27 21:21:27,2669,2024,8
2024-07-31 20:58:44,2670,2024,7
2024-11-05 21:46:48,2671,2024,11
2024-09-20 02:46:18,2672,2024,9
2024-11-25 12:11:23,2673,2024,11
2024-08-27 01:51:45,2674,2024,8
2024-08-16 21:39:16,2675,2024,8
2025-03-29 19:48:19,2676,2025,3
2024-07-15 09:17:13,2677,2024,7
2025-03-25 16:10:10,2678,2025,3
2024-11-17 16:34:57,2679,2024,11
2025-04-20 06:29:07,2680,2025,4
2025-05-26 02:51:57,2681,2025,5
2024-11-02 12:14:37,2682,2024,11
2025-02-23 00:58:55,2683,2025,2
2024-08-22 01:04:07,2684,2024,8
2024-08-02 09:54:10,2685,2024,8
2025-03-08 19:27:53,2686,2025,3
2025-04-05 18:08:37,2687,2025,4
2024-12-11 01:50:10,2688,2024,12
2025-04-08 20:59:23,2689,2025,4
2025-03-25 03:32:10,2690,2025,3
2024-09-15 17:22:28,2691,2024,9
2024-07-23 07:29:31,2692,2024,7
2025-03-25 08:49:54,2693,2025,3
2025-04-05 08:07:58,2694,2025,4
2025-03-14 02:45:34,2695,2025,3
2025-01-23 01:43:36,2696,2025,1
2025-06-16 22:05:55,2697,2025,6
2025-05-06 09:39:43,2698,2025,5
2025-01-22 00:33:17,2699,2025,1
2024-11-12 23:19:28,2700,2024,11
2025-04-18 07:58:07,2701,2025,4
2025-03-21 13:59:57,2702,2025,3
2024-12-23 03:17:59,2703,2024,12
2025-04-28 20:51:48,2704,2025,4
2024-07-18 16:20:56,2705,2024,7
2024-07-19 13:05:27,2706,2024,7
2024-10-08 16:09:00,2707,2024,10
2024-08-11 04:16:49,2708,2024,8
2024-11-30 12:01:55,2709,2024,11
2024-08-23 18:01:05,2710,2024,8
2025-03-18 19:45:52,2711,2025,3
2025-06-30 01:20:06,2712,2025,6
2025-06-19 03:40:56,2713,2025,6
2025-06-13 02:07:16,2714,2025,6
2024-10-17 22:19:45,2715,2024,10
2024-10-22 16:24:10,2716,2024,10
2025-05-15 18:06:20,2717,2025,5
2024-07-10 03:52:20,2718,2024,7
2025-05-17 07:17:05,2719,2025,5
2024-09-26 04:35:44,2720,2024,9
2025-01-29 14:23:19,2721,2025,1
2024-07-19 15:12:26,2722,2024,7
2025-03-13 09:31:50,2723,2025,3
2024-10-07 23:29:40,2724,2024,10
2025-04-04 16:16:51,2725,2025,4
2024-08-22 18:03:39,2726,2024,8
2025-06-05 17:39:37,2727,2025,6
2025-05-09 02:42:05,2728,2025,5
2024-09-13 11:59:40,2729,2024,9
2024-09-13 20:21:58,2730,2024,9
2024-12-23 01:18:03,2731,2024,12
2024-11-19 07:18:58,2732,2024,11
2025-04-22 05:28:24,2733,2025,4
2025-06-09 13:51:48,2734,2025,6
2025-06-21 07:49:53,2735,2025,6
2024-09-02 06:22:31,2736,2024,9
2024-10-06 12:38:28,2737,2024,10
2025-06-07 21:34:40,2738,2025,6
2025-02-08 07:13:55,2739,2025,2
2024-11-11 05:10:32,2740,2024,11
2024-09-06 23:18:55,2741,2024,9
2024-07-17 13:24:38,2742,2024,7
2024-10-08 10:34:19,2743,2024,10
2025-02-14 04:22:17,2744,2025,2
2024-07-09 17:56:14,2745,2024,7
2025-01-19 14:51:40,2746,2025,1
2025-01-31 10:25:10,2747,2025,1
2024-09-16 04:12:21,2748,2024,9
2025-06-10 06:51:28,2749,2025,6
2024-12-11 03:49:51,2750,2024,12
2025-05-29 23:21:35,2751,2025,5
2025-06-23 11:34:27,2752,2025,6
2025-03-16 17:45:08,2753,2025,3
2025-02-09 10:28:53,2754,2025,2
2025-02-07 22:18:31,2755,2025,2
2025-03-28 15:23:42,2756,2025,3
2024-11-18 02:41:46,2757,2024,11
2025-04-18 03:44:09,2758,2025,4
2025-02-01 06:27:36,2759,2025,2
2025-06-12 08:54:32,2760,2025,6
2025-07-02 15:06:01,2761,2025,7
2024-09-13 08:43:02,2762,2024,9
2025-01-31 17:06:07,2763,2025,1
2025-03-15 03:53:45,2764,2025,3
2025-02-13 11:04:53,2765,2025,2
2024-09-27 02:13:49,2766,2024,9
2024-12-18 00:35:13,2767,2024,12
2024-09-22 02:07:48,2768,2024,9
2025-06-09 03:12:38,2769,2025,6
2024-10-01 22:06:35,2770,2024,10
2024-09-07 13:23:23,2771,2024,9
2025-01-29 07:19:26,2772,2025,1
2025-05-08 06:10:50,2773,2025,5
2024-07-22 15:09:09,2774,2024,7
2025-05-05 03:11:10,2775,2025,5
2025-03-13 23:26:29,2776,2025,3
2025-02-24 00:49:36,2777,2025,2
2024-09-01 17:01:22,2778,2024,9
2025-05-08 23:27:37,2779,2025,5
2024-09-25 09:12:59,2780,2024,9
2025-03-06 19:29:43,2781,2025,3
2025-05-22 11:01:47,2782,2025,5
2025-05-14 17:44:35,2783,2025,5
2025-04-13 13:57:40,2784,2025,4
2024-09-05 07:49:16,2785,2024,9
2025-05-09 08:47:40,2786,2025,5
2024-09-03 07:20:27,2787,2024,9
2025-05-05 13:16:37,2788,2025,5
2025-02-06 21:53:27,2789,2025,2
2024-09-16 18:17:25,2790,2024,9
2024-11-02 00:28:51,2791,2024,11
2025-05-28 03:36:48,2792,2025,5
2025-04-08 09:38:47,2793,2025,4
2024-11-04 01:45:41,2794,2024,11
2025-03-03 23:59:09,2795,2025,3
2024-09-06 15:15:48,2796,2024,9
2025-03-13 11:26:10,2797,2025,3
2024-12-07 23:14:42,2798,2024,12
2024-09-19 09:03:03,2799,2024,9
2024-10-18 14:22:14,2800,2024,10
2025-04-26 20:48:14,2801,2025,4
2024-07-10 04:50:38,2802,2024,7
2025-04-19 22:57:58,2803,2025,4
2025-06-28 10:02:07,2804,2025,6
2025-05-02 05:38:50,2805,2025,5
2024-10-16 15:17:14,2806,2024,10
2024-07-05 07:28:29,2807,2024,7
2025-02-19 01:36:12,2808,2025,2
2025-03-09 12:56:57,2809,2025,3
2025-02-02 10:56:48,2810,2025,2
2025-03-16 17:15:01,2811,2025,3
2025-03-02 04:51:43,2812,2025,3
2025-06-22 20:16:16,2813,2025,6
2024-08-13 11:17:33,2814,2024,8
2024-10-07 19:59:39,2815,2024,10
2024-11-18 17:26:35,2816,2024,11
2024-10-12 11:11:21,2817,2024,10
2025-01-27 15:10:23,2818,2025,1
2025-06-25 04:36:19,2819,2025,6
2024-12-08 12:01:01,2820,2024,12
2024-10-18 03:52:21,2821,2024,10
2025-01-13 23:20:19,2822,2025,1
2024-07-15 18:40:48,2823,2024,7
2024-11-14 15:51:39,2824,2024,11
2024-09-07 04:05:31,2825,2024,9
2024-10-25 08:27:23,2826,2024,10
2025-01-18 16:53:20,2827,2025,1
2024-11-05 23:29:26,2828,2024,11
2024-10-11 06:48:06,2829,2024,10
2025-01-04 03:06:20,2830,2025,1
2024-10-05 23:53:45,2831,2024,10
2025-06-20 18:29:31,2832,2025,6
2024-12-12 07:19:31,2833,2024,12
2025-02-23 23:55:56,2834,2025,2
2025-04-12 01:36:59,2835,2025,4
2024-08-24 11:44:06,2836,2024,8
2024-09-02 23:19:58,2837,2024,9
2025-04-07 20:18:53,2838,2025,4
2025-02-23 14:53:53,2839,2025,2
2025-01-17 00:57:02,2840,2025,1
2025-04-15 01:25:10,2841,2025,4
2025-03-06 14:57:24,2842,2025,3
2024-07-23 12:54:57,2843,2024,7
2024-11-09 01:45:54,2844,2024,11
2024-08-22 19:55:31,2845,2024,8
2025-01-08 06:02:49,2846,2025,1
2024-07-25 14:17:30,2847,2024,7
2024-09-27 21:20:22,2848,2024,9
2025-04-13 20:28:32,2849,2025,4
2025-04-09 04:41:08,2850,2025,4
2024-08-29 11:49:00,2851,2024,8
2024-09-09 11:40:25,2852,2024,9
2025-03-02 07:50:20,2853,2025,3
2025-05-07 07:26:37,2854,2025,5
2024-10-17 19:47:04,2855,2024,10
2025-01-31 16:48:03,2856,2025,1
2024-10-23 17:19:54,2857,2024,10
2024-11-29 23:29:13,2858,2024,11
2024-10-01 05:35:36,2859,2024,10
2025-03-22 19:33:27,2860,2025,3
2024-08-13 12:48:30,2861,2024,8
2025-03-13 14:13:04,2862,2025,3
2024-10-15 02:32:47,2863,2024,10
2025-02-22 14:34:26,2864,2025,2
2024-09-05 17:04:30,2865,2024,9
2024-08-21 10:56:34,2866,2024,8
2024-08-28 19:05:23,2867,2024,8
2025-06-10 12:56:01,2868,2025,6
2025-01-26 16:59:29,2869,2025,1
2025-02-15 01:46:35,2870,2025,2
2024-12-19 22:50:18,2871,2024,12
2024-12-21 20:36:32,2872,2024,12
2024-07-23 23:41:54,2873,2024,7
2024-10-09 08:06:39,2874,2024,10
2024-11-25 00:10:25,2875,2024,11
2024-10-24 09:44:36,2876,2024,10
2024-09-25 13:28:52,2877,2024,9
2024-09-06 10:49:35,2878,2024,9
2024-07-12 20:12:37,2879,2024,7
2025-06-02 09:26:42,2880,2025,6
2025-06-08 06:49:34,2881,2025,6
2025-04-11 11:35:33,2882,2025,4
2024-12-08 12:17:05,2883,2024,12
2024-08-13 08:59:37,2884,2024,8
2025-06-06 13:33:22,2885,2025,6
2024-09-19 17:11:18,2886,2024,9
2024-11-12 22:53:19,2887,2024,11
2025-04-26 15:59:18,2888,2025,4
2025-01-16 05:14:37,2889,2025,1
2025-06-28 03:40:57,2890,2025,6
2024-11-23 21:35:08,2891,2024,11
2024-11-13 04:52:48,2892,2024,11
2024-08-24 13:33:11,2893,2024,8
2024-09-14 10:12:04,2894,2024,9
2024-09-18 12:30:37,2895,2024,9
2025-01-07 17:41:49,2896,2025,1
2025-03-31 07:22:42,2897,2025,3
2024-08-20 12:53:31,2898,2024,8
2025-02-10 00:27:51,2899,2025,2
2025-05-01 02:01:11,2900,2025,5
2025-01-18 16:29:22,2901,2025,1
2024-08-14 11:53:12,2902,2024,8
2024-12-18 10:35:26,2903,2024,12
2024-08-23 00:43:53,2904,2024,8
2024-07-30 14:44:43,2905,2024,7
2025-04-26 22:17:57,2906,2025,4
2024-12-14 08:29:22,2907,2024,12
2024-07-27 10:43:33,2908,2024,7
2025-01-09 04:52:32,2909,2025,1
2024-10-02 07:47:56,2910,2024,10
2024-09-19 07:33:18,2911,2024,9
2024-09-22 01:03:19,2912,2024,9
2024-12-08 13:48:21,2913,2024,12
2025-06-15 08:02:18,2914,2025,6
2024-10-03 07:37:34,2915,2024,10
2025-05-24 09:32:27,2916,2025,5
2025-01-21 07:36:37,2917,2025,1
2025-02-09 06:42:36,2918,2025,2
2024-09-04 16:43:09,2919,2024,9
2025-02-17 00:31:17,2920,2025,2
2024-07-21 23:01:32,2921,2024,7
2025-04-11 14:32:25,2922,2025,4
2025-06-13 20:52:51,2923,2025,6
2025-04-14 22:24:37,2924,2025,4
2025-06-10 21:51:02,2925,2025,6
2025-03-28 03:38:47,2926,2025,3
2025-02-17 02:10:36,2927,2025,2
2025-06-06 16:29:36,2928,2025,6
2024-07-24 11:53:20,2929,2024,7
2025-04-21 10:21:04,2930,2025,4
2025-06-13 16:14:38,2931,2025,6
2024-10-12 19:09:41,2932,2024,10
2024-09-10 15:02:29,2933,2024,9
2024-12-30 12:20:10,2934,2024,12
2024-12-18 03:26:08,2935,2024,12
2025-05-21 04:56:12,2936,2025,5
2024-11-18 11:19:10,2937,2024,11
2024-08-16 19:52:58,2938,2024,8
2025-06-24 18:59:05,2939,2025,6
2025-02-01 08:00:03,2940,2025,2
2024-10-16 01:25:42,2941,2024,10
2024-10-13 10:43:54,2942,2024,10
2025-02-27 23:28:29,2943,2025,2
2025-04-23 05:26:29,2944,2025,4
2025-02-21 16:22:48,2945,2025,2
2025-01-24 04:58:34,2946,2025,1
2025-01-10 05:21:10,2947,2025,1
2025-04-30 04:49:32,2948,2025,4
2025-03-27 03:45:41,2949,2025,3
2025-03-15 13:08:49,2950,2025,3
2024-10-10 22:19:30,2951,2024,10
2025-03-14 12:24:58,2952,2025,3
2025-03-30 11:35:02,2953,2025,3
2024-08-24 19:52:04,2954,2024,8
2025-02-26 08:16:20,2955,2025,2
2025-06-18 03:02:30,2956,2025,6
2024-08-12 11:44:33,2957,2024,8
2024-08-01 18:22:34,2958,2024,8
2025-02-13 06:15:49,2959,2025,2
2024-09-27 07:24:45,2960,2024,9
2024-07-13 23:40:09,2961,2024,7
2024-08-26 00:15:00,2962,2024,8
2024-12-30 12:42:10,2963,2024,12
2025-03-08 04:20:37,2964,2025,3
2025-05-03 18:34:15,2965,2025,5
2024-09-03 12:36:36,2966,2024,9
2025-06-21 23:36:10,2967,2025,6
2025-03-18 21:27:13,2968,2025,3
2025-02-20 02:21:42,2969,2025,2
2024-11-12 11:11:31,2970,2024,11
2025-04-13 11:57:16,2971,2025,4
2025-01-25 15:01:57,2972,2025,1
2024-09-07 17:20:58,2973,2024,9
2025-02-04 14:08:51,2974,2025,2
2024-12-26 11:48:03,2975,2024,12
2024-10-28 23:24:56,2976,2024,10
2024-08-13 05:26:44,2977,2024,8
2025-06-26 10:59:05,2978,2025,6
2024-09-14 06:39:21,2979,2024,9
2025-01-08 03:07:38,2980,2025,1
2025-04-17 07:41:14,2981,2025,4
2025-04-27 17:38:02,2982,2025,4
2025-06-12 05:02:34,2983,2025,6
2025-04-25 17:36:11,2984,2025,4
2025-05-17 05:48:21,2985,2025,5
2024-10-09 11:33:35,2986,2024,10
2025-01-02 17:20:11,2987,2025,1
2025-04-24 17:12:00,2988,2025,4
2025-05-19 02:45:45,2989,2025,5
2025-01-07 04:20:55,2990,2025,1
2024-08-29 04:36:46,2991,2024,8
2024-07-29 01:17:05,2992,2024,7
2024-07-10 00:03:56,2993,2024,7
2025-02-20 01:01:06,2994,2025,2
2025-03-21 19:12:27,2995,2025,3
2025-05-15 21:20:07,2996,2025,5
2024-09-09 16:59:59,2997,2024,9
2025-02-26 20:40:23,2998,2025,2
2024-12-21 03:07:24,2999,2024,12
2025-03-10 21:24:48,3000,2025,3
